/*
SQLyog Ultimate v12.09 (64 bit)
MySQL - 5.5.56 : Database - zheng
*********************************************************************
*/


/*!40101 SET NAMES utf8 */;

/*!40101 SET SQL_MODE=''*/;

/*!40014 SET @OLD_UNIQUE_CHECKS=@@UNIQUE_CHECKS, UNIQUE_CHECKS=0 */;
/*!40014 SET @OLD_FOREIGN_KEY_CHECKS=@@FOREIGN_KEY_CHECKS, FOREIGN_KEY_CHECKS=0 */;
/*!40101 SET @OLD_SQL_MODE=@@SQL_MODE, SQL_MODE='NO_AUTO_VALUE_ON_ZERO' */;
/*!40111 SET @OLD_SQL_NOTES=@@SQL_NOTES, SQL_NOTES=0 */;


/*Table structure for table `upms_log` */

DROP TABLE IF EXISTS `upms_log`;

CREATE TABLE `upms_log` (
  `log_id` int(11) NOT NULL AUTO_INCREMENT COMMENT '编号',
  `description` varchar(100) DEFAULT NULL COMMENT '操作描述',
  `username` varchar(20) DEFAULT NULL COMMENT '操作用户',
  `start_time` bigint(20) DEFAULT NULL COMMENT '操作时间',
  `spend_time` int(11) DEFAULT NULL COMMENT '消耗时间',
  `base_path` varchar(500) DEFAULT NULL COMMENT '根路径',
  `uri` varchar(500) DEFAULT NULL COMMENT 'URI',
  `url` varchar(500) DEFAULT NULL COMMENT 'URL',
  `method` varchar(10) DEFAULT NULL COMMENT '请求类型',
  `parameter` mediumtext,
  `user_agent` varchar(500) DEFAULT NULL COMMENT '用户标识',
  `ip` varchar(30) DEFAULT NULL COMMENT 'IP地址',
  `result` mediumtext,
  `permissions` varchar(100) DEFAULT NULL COMMENT '权限值',
  PRIMARY KEY (`log_id`)
) ENGINE=InnoDB AUTO_INCREMENT=1650 DEFAULT CHARSET=utf8mb4 COMMENT='操作日志';

/*Data for the table `upms_log` */

insert  into `upms_log`(`log_id`,`description`,`username`,`start_time`,`spend_time`,`base_path`,`uri`,`url`,`method`,`parameter`,`user_agent`,`ip`,`result`,`permissions`) values (1444,'系统首页','',1497514444754,7,'http://upms.zhangshuzheng.cn:1111','/manage/system/index','http://upms.zhangshuzheng.cn:1111/manage/system/index','GET',NULL,'Mozilla/5.0 (Windows NT 10.0; Win64; x64) AppleWebKit/537.36 (KHTML, like Gecko) Chrome/58.0.3029.110 Safari/537.36','127.0.0.1','manage/system/index','upms:system:read'),(1445,'系统列表','',1497514444980,5,'http://upms.zhangshuzheng.cn:1111','/manage/system/list','http://upms.zhangshuzheng.cn:1111/manage/system/list','GET','order=asc&offset=0&limit=10','Mozilla/5.0 (Windows NT 10.0; Win64; x64) AppleWebKit/537.36 (KHTML, like Gecko) Chrome/58.0.3029.110 Safari/537.36','127.0.0.1','{total=2, rows=[com.bobo.upms.rpc.pojo.UpmsSystem@57771d20, com.bobo.upms.rpc.pojo.UpmsSystem@5598de21]}','upms:system:read'),(1446,NULL,'',1497533169420,14,'http://upms.zhangshuzheng.cn:1111','/index.html','http://upms.zhangshuzheng.cn:1111/index.html','GET',NULL,'Mozilla/5.0 (Windows NT 10.0; Win64; x64) AppleWebKit/537.36 (KHTML, like Gecko) Chrome/58.0.3029.110 Safari/537.36','127.0.0.1','redirect:/manage/index',''),(1447,'登录','',1497533169707,4852,'http://upms.zhangshuzheng.cn:1111','/sso/login','http://upms.zhangshuzheng.cn:1111/sso/login','GET','ReturnURL=http%253A%252F%252Fupms.zhangshuzheng.cn%253A1111%252Fmanage%252Findex','Mozilla/5.0 (Windows NT 10.0; Win64; x64) AppleWebKit/537.36 (KHTML, like Gecko) Chrome/58.0.3029.110 Safari/537.36','127.0.0.1','sso/login',''),(1448,'登录','',1497533178844,497,'http://upms.zhangshuzheng.cn:1111','/sso/login','http://upms.zhangshuzheng.cn:1111/sso/login','POST','{password=[123456],ReturnURL=[http%3A%2F%2Fupms.zhangshuzheng.cn%3A1111%2Fmanage%2Findex],rememberMe=[false],username=[admin]}','Mozilla/5.0 (Windows NT 10.0; Win64; x64) AppleWebKit/537.36 (KHTML, like Gecko) Chrome/58.0.3029.110 Safari/537.36','127.0.0.1','com.bobo.upms.client.constant.UpmsResult@239796be',''),(1449,'后台首页','',1497533179516,143,'http://upms.zhangshuzheng.cn:1111','/manage/index','http://upms.zhangshuzheng.cn:1111/manage/index','GET',NULL,'Mozilla/5.0 (Windows NT 10.0; Win64; x64) AppleWebKit/537.36 (KHTML, like Gecko) Chrome/58.0.3029.110 Safari/537.36','127.0.0.1','manage/index',''),(1450,'系统首页','',1497533182024,15,'http://upms.zhangshuzheng.cn:1111','/manage/system/index','http://upms.zhangshuzheng.cn:1111/manage/system/index','GET',NULL,'Mozilla/5.0 (Windows NT 10.0; Win64; x64) AppleWebKit/537.36 (KHTML, like Gecko) Chrome/58.0.3029.110 Safari/537.36','127.0.0.1','manage/system/index','upms:system:read'),(1451,'系统列表','',1497533182555,43,'http://upms.zhangshuzheng.cn:1111','/manage/system/list','http://upms.zhangshuzheng.cn:1111/manage/system/list','GET','order=asc&offset=0&limit=10','Mozilla/5.0 (Windows NT 10.0; Win64; x64) AppleWebKit/537.36 (KHTML, like Gecko) Chrome/58.0.3029.110 Safari/537.36','127.0.0.1','{total=2, rows=[com.bobo.upms.rpc.pojo.UpmsSystem@686df8a5, com.bobo.upms.rpc.pojo.UpmsSystem@44c166f]}','upms:system:read'),(1452,'组织首页','',1497533183328,19,'http://upms.zhangshuzheng.cn:1111','/manage/organization/index','http://upms.zhangshuzheng.cn:1111/manage/organization/index','GET',NULL,'Mozilla/5.0 (Windows NT 10.0; Win64; x64) AppleWebKit/537.36 (KHTML, like Gecko) Chrome/58.0.3029.110 Safari/537.36','127.0.0.1','manage/organization/index','upms:organization:read'),(1453,'组织列表','',1497533183674,15,'http://upms.zhangshuzheng.cn:1111','/manage/organization/list','http://upms.zhangshuzheng.cn:1111/manage/organization/list','GET','order=asc&offset=0&limit=10','Mozilla/5.0 (Windows NT 10.0; Win64; x64) AppleWebKit/537.36 (KHTML, like Gecko) Chrome/58.0.3029.110 Safari/537.36','127.0.0.1','{total=5, rows=[com.bobo.upms.rpc.pojo.UpmsOrganization@4c50893e, com.bobo.upms.rpc.pojo.UpmsOrganization@a445633, com.bobo.upms.rpc.pojo.UpmsOrganization@4ca131f3, com.bobo.upms.rpc.pojo.UpmsOrganization@1fae444b, com.bobo.upms.rpc.pojo.UpmsOrganization@577f37f9]}','upms:organization:read'),(1454,'用户首页','',1497533185140,22,'http://upms.zhangshuzheng.cn:1111','/manage/user/index','http://upms.zhangshuzheng.cn:1111/manage/user/index','GET',NULL,'Mozilla/5.0 (Windows NT 10.0; Win64; x64) AppleWebKit/537.36 (KHTML, like Gecko) Chrome/58.0.3029.110 Safari/537.36','127.0.0.1','/manage/user/index','upms:user:read'),(1455,'用户列表','',1497533185487,15,'http://upms.zhangshuzheng.cn:1111','/manage/user/list','http://upms.zhangshuzheng.cn:1111/manage/user/list','GET','order=asc&offset=0&limit=10','Mozilla/5.0 (Windows NT 10.0; Win64; x64) AppleWebKit/537.36 (KHTML, like Gecko) Chrome/58.0.3029.110 Safari/537.36','127.0.0.1','{total=1, rows=[com.bobo.upms.rpc.pojo.UpmsUser@144f2ba1]}','upms:user:read'),(1456,'角色首页','',1497533186204,17,'http://upms.zhangshuzheng.cn:1111','/manage/role/index','http://upms.zhangshuzheng.cn:1111/manage/role/index','GET',NULL,'Mozilla/5.0 (Windows NT 10.0; Win64; x64) AppleWebKit/537.36 (KHTML, like Gecko) Chrome/58.0.3029.110 Safari/537.36','127.0.0.1','/manage/role/index','upms:role:read'),(1457,'角色列表','',1497533186537,16,'http://upms.zhangshuzheng.cn:1111','/manage/role/list','http://upms.zhangshuzheng.cn:1111/manage/role/list','GET','order=asc&offset=0&limit=10','Mozilla/5.0 (Windows NT 10.0; Win64; x64) AppleWebKit/537.36 (KHTML, like Gecko) Chrome/58.0.3029.110 Safari/537.36','127.0.0.1','{total=2, rows=[com.bobo.upms.rpc.pojo.UpmsRole@784d823e, com.bobo.upms.rpc.pojo.UpmsRole@7434628e]}','upms:role:read'),(1458,'权限首页','',1497533188527,11,'http://upms.zhangshuzheng.cn:1111','/manage/permission/index','http://upms.zhangshuzheng.cn:1111/manage/permission/index','GET',NULL,'Mozilla/5.0 (Windows NT 10.0; Win64; x64) AppleWebKit/537.36 (KHTML, like Gecko) Chrome/58.0.3029.110 Safari/537.36','127.0.0.1','/manage/permission/index','upms:permission:read'),(1459,'权限列表','',1497533188770,12,'http://upms.zhangshuzheng.cn:1111','/manage/permission/list','http://upms.zhangshuzheng.cn:1111/manage/permission/list','GET','order=asc&offset=0&limit=10','Mozilla/5.0 (Windows NT 10.0; Win64; x64) AppleWebKit/537.36 (KHTML, like Gecko) Chrome/58.0.3029.110 Safari/537.36','127.0.0.1','{total=69, rows=[com.bobo.upms.rpc.pojo.UpmsPermission@40be79f2, com.bobo.upms.rpc.pojo.UpmsPermission@41fca61c, com.bobo.upms.rpc.pojo.UpmsPermission@6448c59, com.bobo.upms.rpc.pojo.UpmsPermission@1827d86b, com.bobo.upms.rpc.pojo.UpmsPermission@2be54374, com.bobo.upms.rpc.pojo.UpmsPermission@f0ddc52, com.bobo.upms.rpc.pojo.UpmsPermission@2d09afae, com.bobo.upms.rpc.pojo.UpmsPermission@bcbdee4, com.bobo.upms.rpc.pojo.UpmsPermission@ab4d20a, com.bobo.upms.rpc.pojo.UpmsPermission@6bba7042]}','upms:permission:read'),(1460,'日志首页','',1497533193203,12,'http://upms.zhangshuzheng.cn:1111','/manage/log/index','http://upms.zhangshuzheng.cn:1111/manage/log/index','GET',NULL,'Mozilla/5.0 (Windows NT 10.0; Win64; x64) AppleWebKit/537.36 (KHTML, like Gecko) Chrome/58.0.3029.110 Safari/537.36','127.0.0.1','/manage/log/index','upms:log:read'),(1461,'日志列表','',1497533193395,54,'http://upms.zhangshuzheng.cn:1111','/manage/log/list','http://upms.zhangshuzheng.cn:1111/manage/log/list','GET','order=asc&offset=0&limit=10','Mozilla/5.0 (Windows NT 10.0; Win64; x64) AppleWebKit/537.36 (KHTML, like Gecko) Chrome/58.0.3029.110 Safari/537.36','127.0.0.1','{total=17, rows=[com.bobo.upms.rpc.pojo.UpmsLog@5ec71854, com.bobo.upms.rpc.pojo.UpmsLog@16af774e, com.bobo.upms.rpc.pojo.UpmsLog@5cae87ee, com.bobo.upms.rpc.pojo.UpmsLog@625258ba, com.bobo.upms.rpc.pojo.UpmsLog@431f91c, com.bobo.upms.rpc.pojo.UpmsLog@6949fbd3, com.bobo.upms.rpc.pojo.UpmsLog@41f080e3, com.bobo.upms.rpc.pojo.UpmsLog@311787ef, com.bobo.upms.rpc.pojo.UpmsLog@3ae571c8, com.bobo.upms.rpc.pojo.UpmsLog@1cd49224]}','upms:log:read'),(1462,'日志列表','',1497533197315,45,'http://upms.zhangshuzheng.cn:1111','/manage/log/list','http://upms.zhangshuzheng.cn:1111/manage/log/list','GET','order=asc&offset=10&limit=10','Mozilla/5.0 (Windows NT 10.0; Win64; x64) AppleWebKit/537.36 (KHTML, like Gecko) Chrome/58.0.3029.110 Safari/537.36','127.0.0.1','{total=18, rows=[com.bobo.upms.rpc.pojo.UpmsLog@3b3bd168, com.bobo.upms.rpc.pojo.UpmsLog@159f6750, com.bobo.upms.rpc.pojo.UpmsLog@5a250f62, com.bobo.upms.rpc.pojo.UpmsLog@74f1577d, com.bobo.upms.rpc.pojo.UpmsLog@1124681a, com.bobo.upms.rpc.pojo.UpmsLog@7f6f3889, com.bobo.upms.rpc.pojo.UpmsLog@d437619, com.bobo.upms.rpc.pojo.UpmsLog@73778273]}','upms:log:read'),(1463,'日志列表','',1497533198756,35,'http://upms.zhangshuzheng.cn:1111','/manage/log/list','http://upms.zhangshuzheng.cn:1111/manage/log/list','GET','order=asc&offset=0&limit=10','Mozilla/5.0 (Windows NT 10.0; Win64; x64) AppleWebKit/537.36 (KHTML, like Gecko) Chrome/58.0.3029.110 Safari/537.36','127.0.0.1','{total=19, rows=[com.bobo.upms.rpc.pojo.UpmsLog@755784ec, com.bobo.upms.rpc.pojo.UpmsLog@71ecca4e, com.bobo.upms.rpc.pojo.UpmsLog@13d82413, com.bobo.upms.rpc.pojo.UpmsLog@414fbd64, com.bobo.upms.rpc.pojo.UpmsLog@8f63145, com.bobo.upms.rpc.pojo.UpmsLog@1fdf34af, com.bobo.upms.rpc.pojo.UpmsLog@4df563fb, com.bobo.upms.rpc.pojo.UpmsLog@71ed53bc, com.bobo.upms.rpc.pojo.UpmsLog@482828dd, com.bobo.upms.rpc.pojo.UpmsLog@2e34173b]}','upms:log:read'),(1464,'日志列表','',1497533199408,34,'http://upms.zhangshuzheng.cn:1111','/manage/log/list','http://upms.zhangshuzheng.cn:1111/manage/log/list','GET','order=asc&offset=10&limit=10','Mozilla/5.0 (Windows NT 10.0; Win64; x64) AppleWebKit/537.36 (KHTML, like Gecko) Chrome/58.0.3029.110 Safari/537.36','127.0.0.1','{total=20, rows=[com.bobo.upms.rpc.pojo.UpmsLog@7fced131, com.bobo.upms.rpc.pojo.UpmsLog@a33c60, com.bobo.upms.rpc.pojo.UpmsLog@1e7600eb, com.bobo.upms.rpc.pojo.UpmsLog@247ab505, com.bobo.upms.rpc.pojo.UpmsLog@2d34bfe2, com.bobo.upms.rpc.pojo.UpmsLog@34edd618, com.bobo.upms.rpc.pojo.UpmsLog@1a32f936, com.bobo.upms.rpc.pojo.UpmsLog@6b91a5e8, com.bobo.upms.rpc.pojo.UpmsLog@6352dcd7, com.bobo.upms.rpc.pojo.UpmsLog@39558bb3]}','upms:log:read'),(1465,'日志列表','',1497533199806,31,'http://upms.zhangshuzheng.cn:1111','/manage/log/list','http://upms.zhangshuzheng.cn:1111/manage/log/list','GET','order=asc&offset=0&limit=10','Mozilla/5.0 (Windows NT 10.0; Win64; x64) AppleWebKit/537.36 (KHTML, like Gecko) Chrome/58.0.3029.110 Safari/537.36','127.0.0.1','{total=21, rows=[com.bobo.upms.rpc.pojo.UpmsLog@69c6e8f6, com.bobo.upms.rpc.pojo.UpmsLog@1b55e454, com.bobo.upms.rpc.pojo.UpmsLog@73cd80a0, com.bobo.upms.rpc.pojo.UpmsLog@2728ecc0, com.bobo.upms.rpc.pojo.UpmsLog@7977318b, com.bobo.upms.rpc.pojo.UpmsLog@4db41db5, com.bobo.upms.rpc.pojo.UpmsLog@52635c23, com.bobo.upms.rpc.pojo.UpmsLog@324df443, com.bobo.upms.rpc.pojo.UpmsLog@72f660e8, com.bobo.upms.rpc.pojo.UpmsLog@1f4282b6]}','upms:log:read'),(1466,'日志列表','',1497533200114,33,'http://upms.zhangshuzheng.cn:1111','/manage/log/list','http://upms.zhangshuzheng.cn:1111/manage/log/list','GET','order=asc&offset=20&limit=10','Mozilla/5.0 (Windows NT 10.0; Win64; x64) AppleWebKit/537.36 (KHTML, like Gecko) Chrome/58.0.3029.110 Safari/537.36','127.0.0.1','{total=22, rows=[com.bobo.upms.rpc.pojo.UpmsLog@1ec5ce90, com.bobo.upms.rpc.pojo.UpmsLog@7c670346]}','upms:log:read'),(1467,'日志列表','',1497533200633,29,'http://upms.zhangshuzheng.cn:1111','/manage/log/list','http://upms.zhangshuzheng.cn:1111/manage/log/list','GET','order=asc&offset=10&limit=10','Mozilla/5.0 (Windows NT 10.0; Win64; x64) AppleWebKit/537.36 (KHTML, like Gecko) Chrome/58.0.3029.110 Safari/537.36','127.0.0.1','{total=23, rows=[com.bobo.upms.rpc.pojo.UpmsLog@40966fa7, com.bobo.upms.rpc.pojo.UpmsLog@3ff7407, com.bobo.upms.rpc.pojo.UpmsLog@4c7db469, com.bobo.upms.rpc.pojo.UpmsLog@7b82c97a, com.bobo.upms.rpc.pojo.UpmsLog@89a7afa, com.bobo.upms.rpc.pojo.UpmsLog@70bd78a2, com.bobo.upms.rpc.pojo.UpmsLog@51c24420, com.bobo.upms.rpc.pojo.UpmsLog@3c669e7b, com.bobo.upms.rpc.pojo.UpmsLog@67707ea7, com.bobo.upms.rpc.pojo.UpmsLog@7c136283]}','upms:log:read'),(1468,'日志列表','',1497533201351,37,'http://upms.zhangshuzheng.cn:1111','/manage/log/list','http://upms.zhangshuzheng.cn:1111/manage/log/list','GET','order=asc&offset=20&limit=10','Mozilla/5.0 (Windows NT 10.0; Win64; x64) AppleWebKit/537.36 (KHTML, like Gecko) Chrome/58.0.3029.110 Safari/537.36','127.0.0.1','{total=24, rows=[com.bobo.upms.rpc.pojo.UpmsLog@7d453dd6, com.bobo.upms.rpc.pojo.UpmsLog@6fc8de0, com.bobo.upms.rpc.pojo.UpmsLog@74014ae8, com.bobo.upms.rpc.pojo.UpmsLog@5d09b030]}','upms:log:read'),(1469,'删除权限','',1497533232276,34,'http://upms.zhangshuzheng.cn:1111','/manage/permission/delete/14','http://upms.zhangshuzheng.cn:1111/manage/permission/delete/14','GET',NULL,'Mozilla/5.0 (Windows NT 10.0; Win64; x64) AppleWebKit/537.36 (KHTML, like Gecko) Chrome/58.0.3029.110 Safari/537.36','127.0.0.1','com.bobo.upms.client.constant.UpmsResult@16b78267','upms:permission:delete'),(1470,'权限列表','',1497533232359,13,'http://upms.zhangshuzheng.cn:1111','/manage/permission/list','http://upms.zhangshuzheng.cn:1111/manage/permission/list','GET','order=asc&offset=0&limit=10','Mozilla/5.0 (Windows NT 10.0; Win64; x64) AppleWebKit/537.36 (KHTML, like Gecko) Chrome/58.0.3029.110 Safari/537.36','127.0.0.1','{total=68, rows=[com.bobo.upms.rpc.pojo.UpmsPermission@4fbe00c1, com.bobo.upms.rpc.pojo.UpmsPermission@50ee95a0, com.bobo.upms.rpc.pojo.UpmsPermission@9f79bf5, com.bobo.upms.rpc.pojo.UpmsPermission@3befbdf2, com.bobo.upms.rpc.pojo.UpmsPermission@4681a46, com.bobo.upms.rpc.pojo.UpmsPermission@208fdcfe, com.bobo.upms.rpc.pojo.UpmsPermission@1512c329, com.bobo.upms.rpc.pojo.UpmsPermission@53d4fc54, com.bobo.upms.rpc.pojo.UpmsPermission@17aa6642, com.bobo.upms.rpc.pojo.UpmsPermission@499c3065]}','upms:permission:read'),(1471,'后台首页','',1497533238954,26,'http://upms.zhangshuzheng.cn:1111','/manage/index','http://upms.zhangshuzheng.cn:1111/manage/index','GET',NULL,'Mozilla/5.0 (Windows NT 10.0; Win64; x64) AppleWebKit/537.36 (KHTML, like Gecko) Chrome/58.0.3029.110 Safari/537.36','127.0.0.1','manage/index',''),(1472,'日志首页','',1497533242391,0,'http://upms.zhangshuzheng.cn:1111','/manage/log/index','http://upms.zhangshuzheng.cn:1111/manage/log/index','GET',NULL,'Mozilla/5.0 (Windows NT 10.0; Win64; x64) AppleWebKit/537.36 (KHTML, like Gecko) Chrome/58.0.3029.110 Safari/537.36','127.0.0.1','/manage/log/index','upms:log:read'),(1473,'日志列表','',1497533242589,41,'http://upms.zhangshuzheng.cn:1111','/manage/log/list','http://upms.zhangshuzheng.cn:1111/manage/log/list','GET','order=asc&offset=0&limit=10','Mozilla/5.0 (Windows NT 10.0; Win64; x64) AppleWebKit/537.36 (KHTML, like Gecko) Chrome/58.0.3029.110 Safari/537.36','127.0.0.1','{total=29, rows=[com.bobo.upms.rpc.pojo.UpmsLog@3b85f385, com.bobo.upms.rpc.pojo.UpmsLog@42b52bb, com.bobo.upms.rpc.pojo.UpmsLog@44656e18, com.bobo.upms.rpc.pojo.UpmsLog@74d40739, com.bobo.upms.rpc.pojo.UpmsLog@6059dbfd, com.bobo.upms.rpc.pojo.UpmsLog@3e39e3c7, com.bobo.upms.rpc.pojo.UpmsLog@51434fb6, com.bobo.upms.rpc.pojo.UpmsLog@5fa7768, com.bobo.upms.rpc.pojo.UpmsLog@2bd2d219, com.bobo.upms.rpc.pojo.UpmsLog@5a842b7f]}','upms:log:read'),(1474,'用户首页','',1497533246760,1,'http://upms.zhangshuzheng.cn:1111','/manage/user/index','http://upms.zhangshuzheng.cn:1111/manage/user/index','GET',NULL,'Mozilla/5.0 (Windows NT 10.0; Win64; x64) AppleWebKit/537.36 (KHTML, like Gecko) Chrome/58.0.3029.110 Safari/537.36','127.0.0.1','/manage/user/index','upms:user:read'),(1475,'用户列表','',1497533246946,15,'http://upms.zhangshuzheng.cn:1111','/manage/user/list','http://upms.zhangshuzheng.cn:1111/manage/user/list','GET','order=asc&offset=0&limit=10','Mozilla/5.0 (Windows NT 10.0; Win64; x64) AppleWebKit/537.36 (KHTML, like Gecko) Chrome/58.0.3029.110 Safari/537.36','127.0.0.1','{total=1, rows=[com.bobo.upms.rpc.pojo.UpmsUser@dd83981]}','upms:user:read'),(1476,'角色首页','',1497533247600,0,'http://upms.zhangshuzheng.cn:1111','/manage/role/index','http://upms.zhangshuzheng.cn:1111/manage/role/index','GET',NULL,'Mozilla/5.0 (Windows NT 10.0; Win64; x64) AppleWebKit/537.36 (KHTML, like Gecko) Chrome/58.0.3029.110 Safari/537.36','127.0.0.1','/manage/role/index','upms:role:read'),(1477,'角色列表','',1497533247750,11,'http://upms.zhangshuzheng.cn:1111','/manage/role/list','http://upms.zhangshuzheng.cn:1111/manage/role/list','GET','order=asc&offset=0&limit=10','Mozilla/5.0 (Windows NT 10.0; Win64; x64) AppleWebKit/537.36 (KHTML, like Gecko) Chrome/58.0.3029.110 Safari/537.36','127.0.0.1','{total=2, rows=[com.bobo.upms.rpc.pojo.UpmsRole@289a4851, com.bobo.upms.rpc.pojo.UpmsRole@48329ff0]}','upms:role:read'),(1478,'组织首页','',1497533249573,0,'http://upms.zhangshuzheng.cn:1111','/manage/organization/index','http://upms.zhangshuzheng.cn:1111/manage/organization/index','GET',NULL,'Mozilla/5.0 (Windows NT 10.0; Win64; x64) AppleWebKit/537.36 (KHTML, like Gecko) Chrome/58.0.3029.110 Safari/537.36','127.0.0.1','manage/organization/index','upms:organization:read'),(1479,'组织列表','',1497533249738,9,'http://upms.zhangshuzheng.cn:1111','/manage/organization/list','http://upms.zhangshuzheng.cn:1111/manage/organization/list','GET','order=asc&offset=0&limit=10','Mozilla/5.0 (Windows NT 10.0; Win64; x64) AppleWebKit/537.36 (KHTML, like Gecko) Chrome/58.0.3029.110 Safari/537.36','127.0.0.1','{total=5, rows=[com.bobo.upms.rpc.pojo.UpmsOrganization@63deb35d, com.bobo.upms.rpc.pojo.UpmsOrganization@eaca4d2, com.bobo.upms.rpc.pojo.UpmsOrganization@6a363091, com.bobo.upms.rpc.pojo.UpmsOrganization@9e8e5e7, com.bobo.upms.rpc.pojo.UpmsOrganization@1fbaebdc]}','upms:organization:read'),(1480,'系统首页','',1497533250518,0,'http://upms.zhangshuzheng.cn:1111','/manage/system/index','http://upms.zhangshuzheng.cn:1111/manage/system/index','GET',NULL,'Mozilla/5.0 (Windows NT 10.0; Win64; x64) AppleWebKit/537.36 (KHTML, like Gecko) Chrome/58.0.3029.110 Safari/537.36','127.0.0.1','manage/system/index','upms:system:read'),(1481,'系统列表','',1497533250724,14,'http://upms.zhangshuzheng.cn:1111','/manage/system/list','http://upms.zhangshuzheng.cn:1111/manage/system/list','GET','order=asc&offset=0&limit=10','Mozilla/5.0 (Windows NT 10.0; Win64; x64) AppleWebKit/537.36 (KHTML, like Gecko) Chrome/58.0.3029.110 Safari/537.36','127.0.0.1','{total=2, rows=[com.bobo.upms.rpc.pojo.UpmsSystem@2f19e8ee, com.bobo.upms.rpc.pojo.UpmsSystem@e378bd9]}','upms:system:read'),(1482,'权限首页','',1497533252347,0,'http://upms.zhangshuzheng.cn:1111','/manage/permission/index','http://upms.zhangshuzheng.cn:1111/manage/permission/index','GET',NULL,'Mozilla/5.0 (Windows NT 10.0; Win64; x64) AppleWebKit/537.36 (KHTML, like Gecko) Chrome/58.0.3029.110 Safari/537.36','127.0.0.1','/manage/permission/index','upms:permission:read'),(1483,'权限列表','',1497533252505,8,'http://upms.zhangshuzheng.cn:1111','/manage/permission/list','http://upms.zhangshuzheng.cn:1111/manage/permission/list','GET','order=asc&offset=0&limit=10','Mozilla/5.0 (Windows NT 10.0; Win64; x64) AppleWebKit/537.36 (KHTML, like Gecko) Chrome/58.0.3029.110 Safari/537.36','127.0.0.1','{total=68, rows=[com.bobo.upms.rpc.pojo.UpmsPermission@594d4d0f, com.bobo.upms.rpc.pojo.UpmsPermission@47304cfc, com.bobo.upms.rpc.pojo.UpmsPermission@8719f69, com.bobo.upms.rpc.pojo.UpmsPermission@194089ac, com.bobo.upms.rpc.pojo.UpmsPermission@2ad68abe, com.bobo.upms.rpc.pojo.UpmsPermission@6f4474b4, com.bobo.upms.rpc.pojo.UpmsPermission@6b4a34e2, com.bobo.upms.rpc.pojo.UpmsPermission@76daddce, com.bobo.upms.rpc.pojo.UpmsPermission@68c73ad1, com.bobo.upms.rpc.pojo.UpmsPermission@24ea02a9]}','upms:permission:read'),(1484,'退出登录','',1497533255848,1,'http://upms.zhangshuzheng.cn:1111','/sso/logout','http://upms.zhangshuzheng.cn:1111/sso/logout','GET',NULL,'Mozilla/5.0 (Windows NT 10.0; Win64; x64) AppleWebKit/537.36 (KHTML, like Gecko) Chrome/58.0.3029.110 Safari/537.36','127.0.0.1','redirect:http://upms.zhangshuzheng.cn:1111/manage/index',''),(1485,'登录','',1497533255871,0,'http://upms.zhangshuzheng.cn:1111','/sso/login','http://upms.zhangshuzheng.cn:1111/sso/login','GET','ReturnURL=http%253A%252F%252Fupms.zhangshuzheng.cn%253A1111%252Fmanage%252Findex','Mozilla/5.0 (Windows NT 10.0; Win64; x64) AppleWebKit/537.36 (KHTML, like Gecko) Chrome/58.0.3029.110 Safari/537.36','127.0.0.1','sso/login',''),(1486,NULL,'',1497533260075,23,'http://cms.zhangshuzheng.cn:2222','/index.html','http://cms.zhangshuzheng.cn:2222/index.html','GET',NULL,'Mozilla/5.0 (Windows NT 10.0; Win64; x64) AppleWebKit/537.36 (KHTML, like Gecko) Chrome/58.0.3029.110 Safari/537.36','127.0.0.1','redirect:/manage/index',''),(1487,'登录','',1497533260205,0,'http://upms.zhangshuzheng.cn:1111','/sso/login','http://upms.zhangshuzheng.cn:1111/sso/login','GET','ReturnURL=http%253A%252F%252Fcms.zhangshuzheng.cn%253A2222%252Fmanage%252Findex','Mozilla/5.0 (Windows NT 10.0; Win64; x64) AppleWebKit/537.36 (KHTML, like Gecko) Chrome/58.0.3029.110 Safari/537.36','127.0.0.1','sso/login',''),(1488,'登录','',1497533261894,9,'http://upms.zhangshuzheng.cn:1111','/sso/login','http://upms.zhangshuzheng.cn:1111/sso/login','POST','{password=[123456],ReturnURL=[http%3A%2F%2Fcms.zhangshuzheng.cn%3A2222%2Fmanage%2Findex],rememberMe=[false],username=[admin]}','Mozilla/5.0 (Windows NT 10.0; Win64; x64) AppleWebKit/537.36 (KHTML, like Gecko) Chrome/58.0.3029.110 Safari/537.36','127.0.0.1','com.bobo.upms.client.constant.UpmsResult@4d334c03',''),(1489,'后台首页','',1497533262390,14,'http://cms.zhangshuzheng.cn:2222','/manage/index','http://cms.zhangshuzheng.cn:2222/manage/index','GET',NULL,'Mozilla/5.0 (Windows NT 10.0; Win64; x64) AppleWebKit/537.36 (KHTML, like Gecko) Chrome/58.0.3029.110 Safari/537.36','127.0.0.1','redirect:http://upms.zhangshuzheng.cn:1111/manage/index?appName=bobo-cms-admin',''),(1490,'后台首页','',1497533262431,25,'http://upms.zhangshuzheng.cn:1111','/manage/index','http://upms.zhangshuzheng.cn:1111/manage/index','GET','appName=bobo-cms-admin','Mozilla/5.0 (Windows NT 10.0; Win64; x64) AppleWebKit/537.36 (KHTML, like Gecko) Chrome/58.0.3029.110 Safari/537.36','127.0.0.1','manage/index',''),(1491,'组织首页','',1497533275130,1,'http://upms.zhangshuzheng.cn:1111','/manage/organization/index','http://upms.zhangshuzheng.cn:1111/manage/organization/index','GET',NULL,'Mozilla/5.0 (Windows NT 10.0; Win64; x64) AppleWebKit/537.36 (KHTML, like Gecko) Chrome/58.0.3029.110 Safari/537.36','127.0.0.1','manage/organization/index','upms:organization:read'),(1492,'组织列表','',1497533275386,9,'http://upms.zhangshuzheng.cn:1111','/manage/organization/list','http://upms.zhangshuzheng.cn:1111/manage/organization/list','GET','order=asc&offset=0&limit=10','Mozilla/5.0 (Windows NT 10.0; Win64; x64) AppleWebKit/537.36 (KHTML, like Gecko) Chrome/58.0.3029.110 Safari/537.36','127.0.0.1','{total=5, rows=[com.bobo.upms.rpc.pojo.UpmsOrganization@f611011, com.bobo.upms.rpc.pojo.UpmsOrganization@30447d29, com.bobo.upms.rpc.pojo.UpmsOrganization@375325ce, com.bobo.upms.rpc.pojo.UpmsOrganization@66c1097b, com.bobo.upms.rpc.pojo.UpmsOrganization@61276c2a]}','upms:organization:read'),(1493,'系统首页','',1497533275932,0,'http://upms.zhangshuzheng.cn:1111','/manage/system/index','http://upms.zhangshuzheng.cn:1111/manage/system/index','GET',NULL,'Mozilla/5.0 (Windows NT 10.0; Win64; x64) AppleWebKit/537.36 (KHTML, like Gecko) Chrome/58.0.3029.110 Safari/537.36','127.0.0.1','manage/system/index','upms:system:read'),(1494,'系统列表','',1497533276130,11,'http://upms.zhangshuzheng.cn:1111','/manage/system/list','http://upms.zhangshuzheng.cn:1111/manage/system/list','GET','order=asc&offset=0&limit=10','Mozilla/5.0 (Windows NT 10.0; Win64; x64) AppleWebKit/537.36 (KHTML, like Gecko) Chrome/58.0.3029.110 Safari/537.36','127.0.0.1','{total=2, rows=[com.bobo.upms.rpc.pojo.UpmsSystem@6209198d, com.bobo.upms.rpc.pojo.UpmsSystem@20ce4321]}','upms:system:read'),(1495,'用户首页','',1497533278052,0,'http://upms.zhangshuzheng.cn:1111','/manage/user/index','http://upms.zhangshuzheng.cn:1111/manage/user/index','GET',NULL,'Mozilla/5.0 (Windows NT 10.0; Win64; x64) AppleWebKit/537.36 (KHTML, like Gecko) Chrome/58.0.3029.110 Safari/537.36','127.0.0.1','/manage/user/index','upms:user:read'),(1496,'用户列表','',1497533278279,7,'http://upms.zhangshuzheng.cn:1111','/manage/user/list','http://upms.zhangshuzheng.cn:1111/manage/user/list','GET','order=asc&offset=0&limit=10','Mozilla/5.0 (Windows NT 10.0; Win64; x64) AppleWebKit/537.36 (KHTML, like Gecko) Chrome/58.0.3029.110 Safari/537.36','127.0.0.1','{total=1, rows=[com.bobo.upms.rpc.pojo.UpmsUser@5d9fe44c]}','upms:user:read'),(1497,'角色首页','',1497533278549,1,'http://upms.zhangshuzheng.cn:1111','/manage/role/index','http://upms.zhangshuzheng.cn:1111/manage/role/index','GET',NULL,'Mozilla/5.0 (Windows NT 10.0; Win64; x64) AppleWebKit/537.36 (KHTML, like Gecko) Chrome/58.0.3029.110 Safari/537.36','127.0.0.1','/manage/role/index','upms:role:read'),(1498,'角色列表','',1497533278743,11,'http://upms.zhangshuzheng.cn:1111','/manage/role/list','http://upms.zhangshuzheng.cn:1111/manage/role/list','GET','order=asc&offset=0&limit=10','Mozilla/5.0 (Windows NT 10.0; Win64; x64) AppleWebKit/537.36 (KHTML, like Gecko) Chrome/58.0.3029.110 Safari/537.36','127.0.0.1','{total=2, rows=[com.bobo.upms.rpc.pojo.UpmsRole@6622d0d2, com.bobo.upms.rpc.pojo.UpmsRole@e31c663]}','upms:role:read'),(1499,'权限首页','',1497533282569,0,'http://upms.zhangshuzheng.cn:1111','/manage/permission/index','http://upms.zhangshuzheng.cn:1111/manage/permission/index','GET',NULL,'Mozilla/5.0 (Windows NT 10.0; Win64; x64) AppleWebKit/537.36 (KHTML, like Gecko) Chrome/58.0.3029.110 Safari/537.36','127.0.0.1','/manage/permission/index','upms:permission:read'),(1500,'权限列表','',1497533282759,10,'http://upms.zhangshuzheng.cn:1111','/manage/permission/list','http://upms.zhangshuzheng.cn:1111/manage/permission/list','GET','order=asc&offset=0&limit=10','Mozilla/5.0 (Windows NT 10.0; Win64; x64) AppleWebKit/537.36 (KHTML, like Gecko) Chrome/58.0.3029.110 Safari/537.36','127.0.0.1','{total=68, rows=[com.bobo.upms.rpc.pojo.UpmsPermission@35767636, com.bobo.upms.rpc.pojo.UpmsPermission@3c677b02, com.bobo.upms.rpc.pojo.UpmsPermission@1ef552c, com.bobo.upms.rpc.pojo.UpmsPermission@300190ec, com.bobo.upms.rpc.pojo.UpmsPermission@3640971c, com.bobo.upms.rpc.pojo.UpmsPermission@317855bd, com.bobo.upms.rpc.pojo.UpmsPermission@4a45208b, com.bobo.upms.rpc.pojo.UpmsPermission@76ff5fdf, com.bobo.upms.rpc.pojo.UpmsPermission@44b5de6b, com.bobo.upms.rpc.pojo.UpmsPermission@3793aefd]}','upms:permission:read'),(1501,'系统首页','',1497533292108,0,'http://upms.zhangshuzheng.cn:1111','/manage/system/index','http://upms.zhangshuzheng.cn:1111/manage/system/index','GET',NULL,'Mozilla/5.0 (Windows NT 10.0; Win64; x64) AppleWebKit/537.36 (KHTML, like Gecko) Chrome/58.0.3029.110 Safari/537.36','127.0.0.1','manage/system/index','upms:system:read'),(1502,'系统列表','',1497533292281,8,'http://upms.zhangshuzheng.cn:1111','/manage/system/list','http://upms.zhangshuzheng.cn:1111/manage/system/list','GET','order=asc&offset=0&limit=10','Mozilla/5.0 (Windows NT 10.0; Win64; x64) AppleWebKit/537.36 (KHTML, like Gecko) Chrome/58.0.3029.110 Safari/537.36','127.0.0.1','{total=2, rows=[com.bobo.upms.rpc.pojo.UpmsSystem@6d6aa3df, com.bobo.upms.rpc.pojo.UpmsSystem@2762e4c6]}','upms:system:read'),(1503,'退出登录','',1497533294561,1,'http://upms.zhangshuzheng.cn:1111','/sso/logout','http://upms.zhangshuzheng.cn:1111/sso/logout','GET',NULL,'Mozilla/5.0 (Windows NT 10.0; Win64; x64) AppleWebKit/537.36 (KHTML, like Gecko) Chrome/58.0.3029.110 Safari/537.36','127.0.0.1','redirect:http://upms.zhangshuzheng.cn:1111/manage/index?appName=bobo-cms-admin',''),(1504,'登录','',1497533294581,0,'http://upms.zhangshuzheng.cn:1111','/sso/login','http://upms.zhangshuzheng.cn:1111/sso/login','GET','ReturnURL=http%253A%252F%252Fupms.zhangshuzheng.cn%253A1111%252Fmanage%252Findex%253FappName%253Dbobo-cms-admin','Mozilla/5.0 (Windows NT 10.0; Win64; x64) AppleWebKit/537.36 (KHTML, like Gecko) Chrome/58.0.3029.110 Safari/537.36','127.0.0.1','sso/login',''),(1505,'登录','',1497533299396,12,'http://upms.zhangshuzheng.cn:1111','/sso/login','http://upms.zhangshuzheng.cn:1111/sso/login','POST','{password=[123456],ReturnURL=[http%3A%2F%2Fupms.zhangshuzheng.cn%3A1111%2Fmanage%2Findex%3FappName%3Dbobo-cms-admin],rememberMe=[false],username=[admin]}','Mozilla/5.0 (Windows NT 10.0; Win64; x64) AppleWebKit/537.36 (KHTML, like Gecko) Chrome/58.0.3029.110 Safari/537.36','127.0.0.1','com.bobo.upms.client.constant.UpmsResult@151556e7',''),(1506,'后台首页','',1497533299434,17,'http://upms.zhangshuzheng.cn:1111','/manage/index','http://upms.zhangshuzheng.cn:1111/manage/index','GET','appName=bobo-cms-admin','Mozilla/5.0 (Windows NT 10.0; Win64; x64) AppleWebKit/537.36 (KHTML, like Gecko) Chrome/58.0.3029.110 Safari/537.36','127.0.0.1','manage/index',''),(1507,'登录','',1497533302597,1,'http://upms.zhangshuzheng.cn:1111','/sso/login','http://upms.zhangshuzheng.cn:1111/sso/login','GET','ReturnURL=http%253A%252F%252Fupms.zhangshuzheng.cn%253A1111%252Fmanage%252Findex','Mozilla/5.0 (Windows NT 10.0; Win64; x64) AppleWebKit/537.36 (KHTML, like Gecko) Chrome/58.0.3029.110 Safari/537.36','127.0.0.1','redirect:/manage/index',''),(1508,'后台首页','',1497533302615,15,'http://upms.zhangshuzheng.cn:1111','/manage/index','http://upms.zhangshuzheng.cn:1111/manage/index','GET',NULL,'Mozilla/5.0 (Windows NT 10.0; Win64; x64) AppleWebKit/537.36 (KHTML, like Gecko) Chrome/58.0.3029.110 Safari/537.36','127.0.0.1','manage/index',''),(1509,'系统首页','',1497533304550,0,'http://upms.zhangshuzheng.cn:1111','/manage/system/index','http://upms.zhangshuzheng.cn:1111/manage/system/index','GET',NULL,'Mozilla/5.0 (Windows NT 10.0; Win64; x64) AppleWebKit/537.36 (KHTML, like Gecko) Chrome/58.0.3029.110 Safari/537.36','127.0.0.1','manage/system/index','upms:system:read'),(1510,'系统列表','',1497533304812,11,'http://upms.zhangshuzheng.cn:1111','/manage/system/list','http://upms.zhangshuzheng.cn:1111/manage/system/list','GET','order=asc&offset=0&limit=10','Mozilla/5.0 (Windows NT 10.0; Win64; x64) AppleWebKit/537.36 (KHTML, like Gecko) Chrome/58.0.3029.110 Safari/537.36','127.0.0.1','{total=2, rows=[com.bobo.upms.rpc.pojo.UpmsSystem@11006f32, com.bobo.upms.rpc.pojo.UpmsSystem@18024b19]}','upms:system:read'),(1511,'组织首页','',1497533305300,0,'http://upms.zhangshuzheng.cn:1111','/manage/organization/index','http://upms.zhangshuzheng.cn:1111/manage/organization/index','GET',NULL,'Mozilla/5.0 (Windows NT 10.0; Win64; x64) AppleWebKit/537.36 (KHTML, like Gecko) Chrome/58.0.3029.110 Safari/537.36','127.0.0.1','manage/organization/index','upms:organization:read'),(1512,'组织列表','',1497533305490,14,'http://upms.zhangshuzheng.cn:1111','/manage/organization/list','http://upms.zhangshuzheng.cn:1111/manage/organization/list','GET','order=asc&offset=0&limit=10','Mozilla/5.0 (Windows NT 10.0; Win64; x64) AppleWebKit/537.36 (KHTML, like Gecko) Chrome/58.0.3029.110 Safari/537.36','127.0.0.1','{total=5, rows=[com.bobo.upms.rpc.pojo.UpmsOrganization@775f11fe, com.bobo.upms.rpc.pojo.UpmsOrganization@1649284, com.bobo.upms.rpc.pojo.UpmsOrganization@350c1990, com.bobo.upms.rpc.pojo.UpmsOrganization@655989f5, com.bobo.upms.rpc.pojo.UpmsOrganization@6a86a441]}','upms:organization:read'),(1513,'用户首页','',1497533306335,0,'http://upms.zhangshuzheng.cn:1111','/manage/user/index','http://upms.zhangshuzheng.cn:1111/manage/user/index','GET',NULL,'Mozilla/5.0 (Windows NT 10.0; Win64; x64) AppleWebKit/537.36 (KHTML, like Gecko) Chrome/58.0.3029.110 Safari/537.36','127.0.0.1','/manage/user/index','upms:user:read'),(1514,'用户列表','',1497533306504,8,'http://upms.zhangshuzheng.cn:1111','/manage/user/list','http://upms.zhangshuzheng.cn:1111/manage/user/list','GET','order=asc&offset=0&limit=10','Mozilla/5.0 (Windows NT 10.0; Win64; x64) AppleWebKit/537.36 (KHTML, like Gecko) Chrome/58.0.3029.110 Safari/537.36','127.0.0.1','{total=1, rows=[com.bobo.upms.rpc.pojo.UpmsUser@ccdd520]}','upms:user:read'),(1515,'角色首页','',1497533307005,0,'http://upms.zhangshuzheng.cn:1111','/manage/role/index','http://upms.zhangshuzheng.cn:1111/manage/role/index','GET',NULL,'Mozilla/5.0 (Windows NT 10.0; Win64; x64) AppleWebKit/537.36 (KHTML, like Gecko) Chrome/58.0.3029.110 Safari/537.36','127.0.0.1','/manage/role/index','upms:role:read'),(1516,'角色列表','',1497533307136,7,'http://upms.zhangshuzheng.cn:1111','/manage/role/list','http://upms.zhangshuzheng.cn:1111/manage/role/list','GET','order=asc&offset=0&limit=10','Mozilla/5.0 (Windows NT 10.0; Win64; x64) AppleWebKit/537.36 (KHTML, like Gecko) Chrome/58.0.3029.110 Safari/537.36','127.0.0.1','{total=2, rows=[com.bobo.upms.rpc.pojo.UpmsRole@7989f90c, com.bobo.upms.rpc.pojo.UpmsRole@79f20578]}','upms:role:read'),(1517,'登录','',1497533330024,0,'http://upms.zhangshuzheng.cn:1111','/sso/login','http://upms.zhangshuzheng.cn:1111/sso/login','GET','ReturnURL=http%253A%252F%252Fupms.zhangshuzheng.cn%253A1111%252Fmanage%252Findex','Mozilla/5.0 (Windows NT 10.0; Win64; x64) AppleWebKit/537.36 (KHTML, like Gecko) Chrome/58.0.3029.110 Safari/537.36','127.0.0.1','sso/login',''),(1518,'登录','',1497533334598,8,'http://upms.zhangshuzheng.cn:1111','/sso/login','http://upms.zhangshuzheng.cn:1111/sso/login','POST','{password=[123456],ReturnURL=[http%3A%2F%2Fupms.zhangshuzheng.cn%3A1111%2Fmanage%2Findex],rememberMe=[true],username=[admin]}','Mozilla/5.0 (Windows NT 10.0; Win64; x64) AppleWebKit/537.36 (KHTML, like Gecko) Chrome/58.0.3029.110 Safari/537.36','127.0.0.1','com.bobo.upms.client.constant.UpmsResult@5d1c2554',''),(1519,'后台首页','',1497533334640,14,'http://upms.zhangshuzheng.cn:1111','/manage/index','http://upms.zhangshuzheng.cn:1111/manage/index','GET',NULL,'Mozilla/5.0 (Windows NT 10.0; Win64; x64) AppleWebKit/537.36 (KHTML, like Gecko) Chrome/58.0.3029.110 Safari/537.36','127.0.0.1','manage/index',''),(1520,'后台首页','',1497533342368,14,'http://upms.zhangshuzheng.cn:1111','/manage/index','http://upms.zhangshuzheng.cn:1111/manage/index','GET',NULL,'Mozilla/5.0 (Windows NT 10.0; Win64; x64) AppleWebKit/537.36 (KHTML, like Gecko) Chrome/58.0.3029.110 Safari/537.36','127.0.0.1','manage/index',''),(1521,'退出登录','',1497533345847,0,'http://upms.zhangshuzheng.cn:1111','/sso/logout','http://upms.zhangshuzheng.cn:1111/sso/logout','GET',NULL,'Mozilla/5.0 (Windows NT 10.0; Win64; x64) AppleWebKit/537.36 (KHTML, like Gecko) Chrome/58.0.3029.110 Safari/537.36','127.0.0.1','redirect:http://upms.zhangshuzheng.cn:1111/manage/index',''),(1522,'登录','',1497533345865,0,'http://upms.zhangshuzheng.cn:1111','/sso/login','http://upms.zhangshuzheng.cn:1111/sso/login','GET','ReturnURL=http%253A%252F%252Fupms.zhangshuzheng.cn%253A1111%252Fmanage%252Findex','Mozilla/5.0 (Windows NT 10.0; Win64; x64) AppleWebKit/537.36 (KHTML, like Gecko) Chrome/58.0.3029.110 Safari/537.36','127.0.0.1','sso/login',''),(1523,'登录','',1497533347951,7,'http://upms.zhangshuzheng.cn:1111','/sso/login','http://upms.zhangshuzheng.cn:1111/sso/login','POST','{password=[123456],ReturnURL=[http%3A%2F%2Fupms.zhangshuzheng.cn%3A1111%2Fmanage%2Findex],rememberMe=[false],username=[admin]}','Mozilla/5.0 (Windows NT 10.0; Win64; x64) AppleWebKit/537.36 (KHTML, like Gecko) Chrome/58.0.3029.110 Safari/537.36','127.0.0.1','com.bobo.upms.client.constant.UpmsResult@1149b705',''),(1524,'后台首页','',1497533347984,14,'http://upms.zhangshuzheng.cn:1111','/manage/index','http://upms.zhangshuzheng.cn:1111/manage/index','GET',NULL,'Mozilla/5.0 (Windows NT 10.0; Win64; x64) AppleWebKit/537.36 (KHTML, like Gecko) Chrome/58.0.3029.110 Safari/537.36','127.0.0.1','manage/index',''),(1525,'登录','',1497533354883,0,'http://upms.zhangshuzheng.cn:1111','/sso/login','http://upms.zhangshuzheng.cn:1111/sso/login','GET','ReturnURL=http%253A%252F%252Fupms.zhangshuzheng.cn%253A1111%252Fmanage%252Findex','Mozilla/5.0 (Windows NT 10.0; Win64; x64) AppleWebKit/537.36 (KHTML, like Gecko) Chrome/58.0.3029.110 Safari/537.36','127.0.0.1','sso/login',''),(1526,'登录','',1497533358997,8,'http://upms.zhangshuzheng.cn:1111','/sso/login','http://upms.zhangshuzheng.cn:1111/sso/login','POST','{password=[123456],ReturnURL=[http%3A%2F%2Fupms.zhangshuzheng.cn%3A1111%2Fmanage%2Findex],rememberMe=[true],username=[admin]}','Mozilla/5.0 (Windows NT 10.0; Win64; x64) AppleWebKit/537.36 (KHTML, like Gecko) Chrome/58.0.3029.110 Safari/537.36','127.0.0.1','com.bobo.upms.client.constant.UpmsResult@56b27d73',''),(1527,'后台首页','',1497533359033,15,'http://upms.zhangshuzheng.cn:1111','/manage/index','http://upms.zhangshuzheng.cn:1111/manage/index','GET',NULL,'Mozilla/5.0 (Windows NT 10.0; Win64; x64) AppleWebKit/537.36 (KHTML, like Gecko) Chrome/58.0.3029.110 Safari/537.36','127.0.0.1','manage/index',''),(1528,'后台首页','',1497533366821,15,'http://upms.zhangshuzheng.cn:1111','/manage/index','http://upms.zhangshuzheng.cn:1111/manage/index','GET',NULL,'Mozilla/5.0 (Windows NT 10.0; Win64; x64) AppleWebKit/537.36 (KHTML, like Gecko) Chrome/58.0.3029.110 Safari/537.36','127.0.0.1','manage/index',''),(1529,'系统首页','',1497533369359,0,'http://upms.zhangshuzheng.cn:1111','/manage/system/index','http://upms.zhangshuzheng.cn:1111/manage/system/index','GET',NULL,'Mozilla/5.0 (Windows NT 10.0; Win64; x64) AppleWebKit/537.36 (KHTML, like Gecko) Chrome/58.0.3029.110 Safari/537.36','127.0.0.1','manage/system/index','upms:system:read'),(1530,'系统列表','',1497533369598,13,'http://upms.zhangshuzheng.cn:1111','/manage/system/list','http://upms.zhangshuzheng.cn:1111/manage/system/list','GET','order=asc&offset=0&limit=10','Mozilla/5.0 (Windows NT 10.0; Win64; x64) AppleWebKit/537.36 (KHTML, like Gecko) Chrome/58.0.3029.110 Safari/537.36','127.0.0.1','{total=2, rows=[com.bobo.upms.rpc.pojo.UpmsSystem@54a4334c, com.bobo.upms.rpc.pojo.UpmsSystem@5484320b]}','upms:system:read'),(1531,'组织首页','',1497533370460,0,'http://upms.zhangshuzheng.cn:1111','/manage/organization/index','http://upms.zhangshuzheng.cn:1111/manage/organization/index','GET',NULL,'Mozilla/5.0 (Windows NT 10.0; Win64; x64) AppleWebKit/537.36 (KHTML, like Gecko) Chrome/58.0.3029.110 Safari/537.36','127.0.0.1','manage/organization/index','upms:organization:read'),(1532,'组织列表','',1497533370636,7,'http://upms.zhangshuzheng.cn:1111','/manage/organization/list','http://upms.zhangshuzheng.cn:1111/manage/organization/list','GET','order=asc&offset=0&limit=10','Mozilla/5.0 (Windows NT 10.0; Win64; x64) AppleWebKit/537.36 (KHTML, like Gecko) Chrome/58.0.3029.110 Safari/537.36','127.0.0.1','{total=5, rows=[com.bobo.upms.rpc.pojo.UpmsOrganization@599ebd57, com.bobo.upms.rpc.pojo.UpmsOrganization@3076ac54, com.bobo.upms.rpc.pojo.UpmsOrganization@7c4c1072, com.bobo.upms.rpc.pojo.UpmsOrganization@6fe5f756, com.bobo.upms.rpc.pojo.UpmsOrganization@43bd8bf8]}','upms:organization:read'),(1533,'用户首页','',1497533372216,0,'http://upms.zhangshuzheng.cn:1111','/manage/user/index','http://upms.zhangshuzheng.cn:1111/manage/user/index','GET',NULL,'Mozilla/5.0 (Windows NT 10.0; Win64; x64) AppleWebKit/537.36 (KHTML, like Gecko) Chrome/58.0.3029.110 Safari/537.36','127.0.0.1','/manage/user/index','upms:user:read'),(1534,'用户列表','',1497533372433,9,'http://upms.zhangshuzheng.cn:1111','/manage/user/list','http://upms.zhangshuzheng.cn:1111/manage/user/list','GET','order=asc&offset=0&limit=10','Mozilla/5.0 (Windows NT 10.0; Win64; x64) AppleWebKit/537.36 (KHTML, like Gecko) Chrome/58.0.3029.110 Safari/537.36','127.0.0.1','{total=1, rows=[com.bobo.upms.rpc.pojo.UpmsUser@3cbb38d]}','upms:user:read'),(1535,'权限首页','',1497533376712,0,'http://upms.zhangshuzheng.cn:1111','/manage/permission/index','http://upms.zhangshuzheng.cn:1111/manage/permission/index','GET',NULL,'Mozilla/5.0 (Windows NT 10.0; Win64; x64) AppleWebKit/537.36 (KHTML, like Gecko) Chrome/58.0.3029.110 Safari/537.36','127.0.0.1','/manage/permission/index','upms:permission:read'),(1536,'权限列表','',1497533376865,10,'http://upms.zhangshuzheng.cn:1111','/manage/permission/list','http://upms.zhangshuzheng.cn:1111/manage/permission/list','GET','order=asc&offset=0&limit=10','Mozilla/5.0 (Windows NT 10.0; Win64; x64) AppleWebKit/537.36 (KHTML, like Gecko) Chrome/58.0.3029.110 Safari/537.36','127.0.0.1','{total=68, rows=[com.bobo.upms.rpc.pojo.UpmsPermission@f32df55, com.bobo.upms.rpc.pojo.UpmsPermission@3db3b4a9, com.bobo.upms.rpc.pojo.UpmsPermission@1d6ed01f, com.bobo.upms.rpc.pojo.UpmsPermission@53491858, com.bobo.upms.rpc.pojo.UpmsPermission@4a98bd13, com.bobo.upms.rpc.pojo.UpmsPermission@6aae4e15, com.bobo.upms.rpc.pojo.UpmsPermission@1ab9577, com.bobo.upms.rpc.pojo.UpmsPermission@1abbc6c2, com.bobo.upms.rpc.pojo.UpmsPermission@15c480a3, com.bobo.upms.rpc.pojo.UpmsPermission@d82aae8]}','upms:permission:read'),(1537,'角色首页','',1497533379663,0,'http://upms.zhangshuzheng.cn:1111','/manage/role/index','http://upms.zhangshuzheng.cn:1111/manage/role/index','GET',NULL,'Mozilla/5.0 (Windows NT 10.0; Win64; x64) AppleWebKit/537.36 (KHTML, like Gecko) Chrome/58.0.3029.110 Safari/537.36','127.0.0.1','/manage/role/index','upms:role:read'),(1538,'角色列表','',1497533379819,8,'http://upms.zhangshuzheng.cn:1111','/manage/role/list','http://upms.zhangshuzheng.cn:1111/manage/role/list','GET','order=asc&offset=0&limit=10','Mozilla/5.0 (Windows NT 10.0; Win64; x64) AppleWebKit/537.36 (KHTML, like Gecko) Chrome/58.0.3029.110 Safari/537.36','127.0.0.1','{total=2, rows=[com.bobo.upms.rpc.pojo.UpmsRole@43babd55, com.bobo.upms.rpc.pojo.UpmsRole@362d58d2]}','upms:role:read'),(1539,NULL,'',1497533422303,0,'http://upms.zhangshuzheng.cn:1111','/index.html','http://upms.zhangshuzheng.cn:1111/index.html','GET',NULL,'Mozilla/5.0 (Windows NT 10.0; Win64; x64) AppleWebKit/537.36 (KHTML, like Gecko) Chrome/58.0.3029.110 Safari/537.36','127.0.0.1','redirect:/manage/index',''),(1540,'后台首页','',1497533422323,15,'http://upms.zhangshuzheng.cn:1111','/manage/index','http://upms.zhangshuzheng.cn:1111/manage/index','GET',NULL,'Mozilla/5.0 (Windows NT 10.0; Win64; x64) AppleWebKit/537.36 (KHTML, like Gecko) Chrome/58.0.3029.110 Safari/537.36','127.0.0.1','manage/index',''),(1541,'后台首页','',1497533657907,62,'http://upms.zhangshuzheng.cn:1111','/manage/index','http://upms.zhangshuzheng.cn:1111/manage/index','GET',NULL,'Mozilla/5.0 (Windows NT 10.0; Win64; x64) AppleWebKit/537.36 (KHTML, like Gecko) Chrome/58.0.3029.110 Safari/537.36','127.0.0.1','manage/index',''),(1542,'登录','',1497533671179,16,'http://upms.zhangshuzheng.cn:1111','/sso/login','http://upms.zhangshuzheng.cn:1111/sso/login','GET','ReturnURL=http%253A%252F%252Fupms.zhangshuzheng.cn%253A1111%252Fmanage%252Findex','Mozilla/5.0 (Windows NT 10.0; Win64; x64) AppleWebKit/537.36 (KHTML, like Gecko) Chrome/58.0.3029.110 Safari/537.36','127.0.0.1','sso/login',''),(1543,'登录','',1497533673431,61,'http://upms.zhangshuzheng.cn:1111','/sso/login','http://upms.zhangshuzheng.cn:1111/sso/login','POST','{password=[123456],ReturnURL=[http%3A%2F%2Fupms.zhangshuzheng.cn%3A1111%2Fmanage%2Findex],rememberMe=[false],username=[admin]}','Mozilla/5.0 (Windows NT 10.0; Win64; x64) AppleWebKit/537.36 (KHTML, like Gecko) Chrome/58.0.3029.110 Safari/537.36','127.0.0.1','com.bobo.upms.client.constant.UpmsResult@4f1694d9',''),(1544,'后台首页','',1497533673606,18,'http://upms.zhangshuzheng.cn:1111','/manage/index','http://upms.zhangshuzheng.cn:1111/manage/index','GET',NULL,'Mozilla/5.0 (Windows NT 10.0; Win64; x64) AppleWebKit/537.36 (KHTML, like Gecko) Chrome/58.0.3029.110 Safari/537.36','127.0.0.1','manage/index',''),(1545,'后台首页','',1497533718824,18,'http://upms.zhangshuzheng.cn:1111','/manage/index','http://upms.zhangshuzheng.cn:1111/manage/index','GET',NULL,'Mozilla/5.0 (Windows NT 10.0; Win64; x64) AppleWebKit/537.36 (KHTML, like Gecko) Chrome/58.0.3029.110 Safari/537.36','127.0.0.1','manage/index',''),(1546,'后台首页','',1497533722001,16,'http://upms.zhangshuzheng.cn:1111','/manage/index','http://upms.zhangshuzheng.cn:1111/manage/index','GET',NULL,'Mozilla/5.0 (Windows NT 10.0; Win64; x64) AppleWebKit/537.36 (KHTML, like Gecko) Chrome/58.0.3029.110 Safari/537.36','127.0.0.1','manage/index',''),(1547,'后台首页','',1497533723062,19,'http://upms.zhangshuzheng.cn:1111','/manage/index','http://upms.zhangshuzheng.cn:1111/manage/index','GET',NULL,'Mozilla/5.0 (Windows NT 10.0; Win64; x64) AppleWebKit/537.36 (KHTML, like Gecko) Chrome/58.0.3029.110 Safari/537.36','127.0.0.1','manage/index',''),(1548,'退出登录','',1497533737952,0,'http://upms.zhangshuzheng.cn:1111','/sso/logout','http://upms.zhangshuzheng.cn:1111/sso/logout','GET',NULL,'Mozilla/5.0 (Windows NT 10.0; Win64; x64) AppleWebKit/537.36 (KHTML, like Gecko) Chrome/58.0.3029.110 Safari/537.36','127.0.0.1','redirect:http://upms.zhangshuzheng.cn:1111/manage/index',''),(1549,'登录','',1497533737983,0,'http://upms.zhangshuzheng.cn:1111','/sso/login','http://upms.zhangshuzheng.cn:1111/sso/login','GET','ReturnURL=http%253A%252F%252Fupms.zhangshuzheng.cn%253A1111%252Fmanage%252Findex','Mozilla/5.0 (Windows NT 10.0; Win64; x64) AppleWebKit/537.36 (KHTML, like Gecko) Chrome/58.0.3029.110 Safari/537.36','127.0.0.1','sso/login',''),(1550,NULL,'',1497533744945,19,'http://cms.zhangshuzheng.cn:2222','/index.html','http://cms.zhangshuzheng.cn:2222/index.html','GET',NULL,'Mozilla/5.0 (Windows NT 10.0; Win64; x64) AppleWebKit/537.36 (KHTML, like Gecko) Chrome/58.0.3029.110 Safari/537.36','127.0.0.1','redirect:/manage/index',''),(1551,'登录','',1497533745056,0,'http://upms.zhangshuzheng.cn:1111','/sso/login','http://upms.zhangshuzheng.cn:1111/sso/login','GET','ReturnURL=http%253A%252F%252Fcms.zhangshuzheng.cn%253A2222%252Fmanage%252Findex','Mozilla/5.0 (Windows NT 10.0; Win64; x64) AppleWebKit/537.36 (KHTML, like Gecko) Chrome/58.0.3029.110 Safari/537.36','127.0.0.1','sso/login',''),(1552,'登录','',1497533746690,11,'http://upms.zhangshuzheng.cn:1111','/sso/login','http://upms.zhangshuzheng.cn:1111/sso/login','POST','{password=[123456],ReturnURL=[http%3A%2F%2Fcms.zhangshuzheng.cn%3A2222%2Fmanage%2Findex],rememberMe=[false],username=[admin]}','Mozilla/5.0 (Windows NT 10.0; Win64; x64) AppleWebKit/537.36 (KHTML, like Gecko) Chrome/58.0.3029.110 Safari/537.36','127.0.0.1','com.bobo.upms.client.constant.UpmsResult@391ef7f2',''),(1553,'后台首页','',1497533747203,18,'http://cms.zhangshuzheng.cn:2222','/manage/index','http://cms.zhangshuzheng.cn:2222/manage/index','GET',NULL,'Mozilla/5.0 (Windows NT 10.0; Win64; x64) AppleWebKit/537.36 (KHTML, like Gecko) Chrome/58.0.3029.110 Safari/537.36','127.0.0.1','redirect:http://upms.zhangshuzheng.cn:1111/manage/index?appName=bobo-cms-admin',''),(1554,'后台首页','',1497533747246,23,'http://upms.zhangshuzheng.cn:1111','/manage/index','http://upms.zhangshuzheng.cn:1111/manage/index','GET','appName=bobo-cms-admin','Mozilla/5.0 (Windows NT 10.0; Win64; x64) AppleWebKit/537.36 (KHTML, like Gecko) Chrome/58.0.3029.110 Safari/537.36','127.0.0.1','manage/index',''),(1555,NULL,'',1498119735074,6,'http://upms.zhangshuzheng.cn:1111','/index.html','http://upms.zhangshuzheng.cn:1111/index.html','GET',NULL,'Mozilla/5.0 (Windows NT 10.0; Win64; x64) AppleWebKit/537.36 (KHTML, like Gecko) Chrome/58.0.3029.110 Safari/537.36','127.0.0.1','redirect:/manage/index',''),(1556,'登录','',1498119735305,3792,'http://upms.zhangshuzheng.cn:1111','/sso/login','http://upms.zhangshuzheng.cn:1111/sso/login','GET','ReturnURL=http%253A%252F%252Fupms.zhangshuzheng.cn%253A1111%252Fmanage%252Findex','Mozilla/5.0 (Windows NT 10.0; Win64; x64) AppleWebKit/537.36 (KHTML, like Gecko) Chrome/58.0.3029.110 Safari/537.36','127.0.0.1','sso/login',''),(1557,'登录','',1498119741562,331,'http://upms.zhangshuzheng.cn:1111','/sso/login','http://upms.zhangshuzheng.cn:1111/sso/login','POST','{password=[123456],ReturnURL=[http%3A%2F%2Fupms.zhangshuzheng.cn%3A1111%2Fmanage%2Findex],rememberMe=[false],username=[admin]}','Mozilla/5.0 (Windows NT 10.0; Win64; x64) AppleWebKit/537.36 (KHTML, like Gecko) Chrome/58.0.3029.110 Safari/537.36','127.0.0.1','com.bobo.upms.client.constant.UpmsResult@2212b3c2',''),(1558,'后台首页','',1498119741998,185,'http://upms.zhangshuzheng.cn:1111','/manage/index','http://upms.zhangshuzheng.cn:1111/manage/index','GET',NULL,'Mozilla/5.0 (Windows NT 10.0; Win64; x64) AppleWebKit/537.36 (KHTML, like Gecko) Chrome/58.0.3029.110 Safari/537.36','127.0.0.1','manage/index',''),(1559,'系统首页','',1498119743741,9,'http://upms.zhangshuzheng.cn:1111','/manage/system/index','http://upms.zhangshuzheng.cn:1111/manage/system/index','GET',NULL,'Mozilla/5.0 (Windows NT 10.0; Win64; x64) AppleWebKit/537.36 (KHTML, like Gecko) Chrome/58.0.3029.110 Safari/537.36','127.0.0.1','manage/system/index','upms:system:read'),(1560,'系统列表','',1498119744246,63,'http://upms.zhangshuzheng.cn:1111','/manage/system/list','http://upms.zhangshuzheng.cn:1111/manage/system/list','GET','order=asc&offset=0&limit=10','Mozilla/5.0 (Windows NT 10.0; Win64; x64) AppleWebKit/537.36 (KHTML, like Gecko) Chrome/58.0.3029.110 Safari/537.36','127.0.0.1','{total=2, rows=[com.bobo.upms.rpc.pojo.UpmsSystem@403b6783, com.bobo.upms.rpc.pojo.UpmsSystem@10f47e97]}','upms:system:read'),(1561,'组织首页','',1498119744899,11,'http://upms.zhangshuzheng.cn:1111','/manage/organization/index','http://upms.zhangshuzheng.cn:1111/manage/organization/index','GET',NULL,'Mozilla/5.0 (Windows NT 10.0; Win64; x64) AppleWebKit/537.36 (KHTML, like Gecko) Chrome/58.0.3029.110 Safari/537.36','127.0.0.1','manage/organization/index','upms:organization:read'),(1562,'组织列表','',1498119745155,20,'http://upms.zhangshuzheng.cn:1111','/manage/organization/list','http://upms.zhangshuzheng.cn:1111/manage/organization/list','GET','order=asc&offset=0&limit=10','Mozilla/5.0 (Windows NT 10.0; Win64; x64) AppleWebKit/537.36 (KHTML, like Gecko) Chrome/58.0.3029.110 Safari/537.36','127.0.0.1','{total=5, rows=[com.bobo.upms.rpc.pojo.UpmsOrganization@419b20c4, com.bobo.upms.rpc.pojo.UpmsOrganization@129ad47c, com.bobo.upms.rpc.pojo.UpmsOrganization@4f32c66d, com.bobo.upms.rpc.pojo.UpmsOrganization@54d2bf65, com.bobo.upms.rpc.pojo.UpmsOrganization@4cd7283b]}','upms:organization:read'),(1563,'用户首页','',1498119746324,20,'http://upms.zhangshuzheng.cn:1111','/manage/user/index','http://upms.zhangshuzheng.cn:1111/manage/user/index','GET',NULL,'Mozilla/5.0 (Windows NT 10.0; Win64; x64) AppleWebKit/537.36 (KHTML, like Gecko) Chrome/58.0.3029.110 Safari/537.36','127.0.0.1','/manage/user/index','upms:user:read'),(1564,'用户列表','',1498119746599,13,'http://upms.zhangshuzheng.cn:1111','/manage/user/list','http://upms.zhangshuzheng.cn:1111/manage/user/list','GET','order=asc&offset=0&limit=10','Mozilla/5.0 (Windows NT 10.0; Win64; x64) AppleWebKit/537.36 (KHTML, like Gecko) Chrome/58.0.3029.110 Safari/537.36','127.0.0.1','{total=1, rows=[com.bobo.upms.rpc.pojo.UpmsUser@7320711f]}','upms:user:read'),(1565,'角色首页','',1498119747325,8,'http://upms.zhangshuzheng.cn:1111','/manage/role/index','http://upms.zhangshuzheng.cn:1111/manage/role/index','GET',NULL,'Mozilla/5.0 (Windows NT 10.0; Win64; x64) AppleWebKit/537.36 (KHTML, like Gecko) Chrome/58.0.3029.110 Safari/537.36','127.0.0.1','/manage/role/index','upms:role:read'),(1566,'角色列表','',1498119747560,17,'http://upms.zhangshuzheng.cn:1111','/manage/role/list','http://upms.zhangshuzheng.cn:1111/manage/role/list','GET','order=asc&offset=0&limit=10','Mozilla/5.0 (Windows NT 10.0; Win64; x64) AppleWebKit/537.36 (KHTML, like Gecko) Chrome/58.0.3029.110 Safari/537.36','127.0.0.1','{total=2, rows=[com.bobo.upms.rpc.pojo.UpmsRole@54d27f49, com.bobo.upms.rpc.pojo.UpmsRole@a19adb7]}','upms:role:read'),(1567,NULL,'',1499062132308,9,'http://upms.zhangshuzheng.cn:1111','/index.html','http://upms.zhangshuzheng.cn:1111/index.html','GET',NULL,'Mozilla/5.0 (Windows NT 10.0; Win64; x64) AppleWebKit/537.36 (KHTML, like Gecko) Chrome/59.0.3071.115 Safari/537.36','127.0.0.1','redirect:/manage/index',''),(1568,'登录','',1499062132601,2904,'http://upms.zhangshuzheng.cn:1111','/sso/login','http://upms.zhangshuzheng.cn:1111/sso/login','GET','ReturnURL=http%253A%252F%252Fupms.zhangshuzheng.cn%253A1111%252Fmanage%252Findex','Mozilla/5.0 (Windows NT 10.0; Win64; x64) AppleWebKit/537.36 (KHTML, like Gecko) Chrome/59.0.3071.115 Safari/537.36','127.0.0.1','sso/login',''),(1569,'登录','',1499062138429,234,'http://upms.zhangshuzheng.cn:1111','/sso/login','http://upms.zhangshuzheng.cn:1111/sso/login','POST','{password=[123456],ReturnURL=[http%3A%2F%2Fupms.zhangshuzheng.cn%3A1111%2Fmanage%2Findex],rememberMe=[false],username=[admin]}','Mozilla/5.0 (Windows NT 10.0; Win64; x64) AppleWebKit/537.36 (KHTML, like Gecko) Chrome/59.0.3071.115 Safari/537.36','127.0.0.1','com.bobo.upms.client.constant.UpmsResult@64740dba',''),(1570,'后台首页','',1499062138775,84,'http://upms.zhangshuzheng.cn:1111','/manage/index','http://upms.zhangshuzheng.cn:1111/manage/index','GET',NULL,'Mozilla/5.0 (Windows NT 10.0; Win64; x64) AppleWebKit/537.36 (KHTML, like Gecko) Chrome/59.0.3071.115 Safari/537.36','127.0.0.1','manage/index',''),(1571,'系统首页','',1499062141134,7,'http://upms.zhangshuzheng.cn:1111','/manage/system/index','http://upms.zhangshuzheng.cn:1111/manage/system/index','GET',NULL,'Mozilla/5.0 (Windows NT 10.0; Win64; x64) AppleWebKit/537.36 (KHTML, like Gecko) Chrome/59.0.3071.115 Safari/537.36','127.0.0.1','manage/system/index','upms:system:read'),(1572,'系统列表','',1499062141518,47,'http://upms.zhangshuzheng.cn:1111','/manage/system/list','http://upms.zhangshuzheng.cn:1111/manage/system/list','GET','order=asc&offset=0&limit=10','Mozilla/5.0 (Windows NT 10.0; Win64; x64) AppleWebKit/537.36 (KHTML, like Gecko) Chrome/59.0.3071.115 Safari/537.36','127.0.0.1','{total=2, rows=[com.bobo.upms.rpc.pojo.UpmsSystem@7c27285, com.bobo.upms.rpc.pojo.UpmsSystem@1eb936f9]}','upms:system:read'),(1573,'组织首页','',1499062142412,10,'http://upms.zhangshuzheng.cn:1111','/manage/organization/index','http://upms.zhangshuzheng.cn:1111/manage/organization/index','GET',NULL,'Mozilla/5.0 (Windows NT 10.0; Win64; x64) AppleWebKit/537.36 (KHTML, like Gecko) Chrome/59.0.3071.115 Safari/537.36','127.0.0.1','manage/organization/index','upms:organization:read'),(1574,'组织列表','',1499062142656,19,'http://upms.zhangshuzheng.cn:1111','/manage/organization/list','http://upms.zhangshuzheng.cn:1111/manage/organization/list','GET','order=asc&offset=0&limit=10','Mozilla/5.0 (Windows NT 10.0; Win64; x64) AppleWebKit/537.36 (KHTML, like Gecko) Chrome/59.0.3071.115 Safari/537.36','127.0.0.1','{total=5, rows=[com.bobo.upms.rpc.pojo.UpmsOrganization@62003762, com.bobo.upms.rpc.pojo.UpmsOrganization@6c8a55ff, com.bobo.upms.rpc.pojo.UpmsOrganization@1a1c2d03, com.bobo.upms.rpc.pojo.UpmsOrganization@49a19e69, com.bobo.upms.rpc.pojo.UpmsOrganization@2a790b18]}','upms:organization:read'),(1575,'权限首页','',1499062145056,12,'http://upms.zhangshuzheng.cn:1111','/manage/permission/index','http://upms.zhangshuzheng.cn:1111/manage/permission/index','GET',NULL,'Mozilla/5.0 (Windows NT 10.0; Win64; x64) AppleWebKit/537.36 (KHTML, like Gecko) Chrome/59.0.3071.115 Safari/537.36','127.0.0.1','/manage/permission/index','upms:permission:read'),(1576,'权限列表','',1499062145270,12,'http://upms.zhangshuzheng.cn:1111','/manage/permission/list','http://upms.zhangshuzheng.cn:1111/manage/permission/list','GET','order=asc&offset=0&limit=10','Mozilla/5.0 (Windows NT 10.0; Win64; x64) AppleWebKit/537.36 (KHTML, like Gecko) Chrome/59.0.3071.115 Safari/537.36','127.0.0.1','{total=68, rows=[com.bobo.upms.rpc.pojo.UpmsPermission@78b1a81f, com.bobo.upms.rpc.pojo.UpmsPermission@38f224de, com.bobo.upms.rpc.pojo.UpmsPermission@26759c87, com.bobo.upms.rpc.pojo.UpmsPermission@6b3a4f92, com.bobo.upms.rpc.pojo.UpmsPermission@1e3ee3ba, com.bobo.upms.rpc.pojo.UpmsPermission@37c3f077, com.bobo.upms.rpc.pojo.UpmsPermission@3dd8d3ac, com.bobo.upms.rpc.pojo.UpmsPermission@4274d5a, com.bobo.upms.rpc.pojo.UpmsPermission@6d6d4d57, com.bobo.upms.rpc.pojo.UpmsPermission@458558c5]}','upms:permission:read'),(1577,'权限列表','',1499062146504,11,'http://upms.zhangshuzheng.cn:1111','/manage/permission/list','http://upms.zhangshuzheng.cn:1111/manage/permission/list','GET','order=asc&offset=10&limit=10','Mozilla/5.0 (Windows NT 10.0; Win64; x64) AppleWebKit/537.36 (KHTML, like Gecko) Chrome/59.0.3071.115 Safari/537.36','127.0.0.1','{total=68, rows=[com.bobo.upms.rpc.pojo.UpmsPermission@52bcb3d1, com.bobo.upms.rpc.pojo.UpmsPermission@7f56526f, com.bobo.upms.rpc.pojo.UpmsPermission@5427de8d, com.bobo.upms.rpc.pojo.UpmsPermission@50ff465b, com.bobo.upms.rpc.pojo.UpmsPermission@676a55ae, com.bobo.upms.rpc.pojo.UpmsPermission@2ae2a606, com.bobo.upms.rpc.pojo.UpmsPermission@40dbd661, com.bobo.upms.rpc.pojo.UpmsPermission@6abc8dbf, com.bobo.upms.rpc.pojo.UpmsPermission@5fce7263, com.bobo.upms.rpc.pojo.UpmsPermission@60a33d0a]}','upms:permission:read'),(1578,'权限列表','',1499062147055,9,'http://upms.zhangshuzheng.cn:1111','/manage/permission/list','http://upms.zhangshuzheng.cn:1111/manage/permission/list','GET','order=asc&offset=20&limit=10','Mozilla/5.0 (Windows NT 10.0; Win64; x64) AppleWebKit/537.36 (KHTML, like Gecko) Chrome/59.0.3071.115 Safari/537.36','127.0.0.1','{total=68, rows=[com.bobo.upms.rpc.pojo.UpmsPermission@60012919, com.bobo.upms.rpc.pojo.UpmsPermission@1439c423, com.bobo.upms.rpc.pojo.UpmsPermission@64c47caa, com.bobo.upms.rpc.pojo.UpmsPermission@4aade517, com.bobo.upms.rpc.pojo.UpmsPermission@238d54ba, com.bobo.upms.rpc.pojo.UpmsPermission@79cf8434, com.bobo.upms.rpc.pojo.UpmsPermission@3ea9968b, com.bobo.upms.rpc.pojo.UpmsPermission@1b895914, com.bobo.upms.rpc.pojo.UpmsPermission@5268f65b, com.bobo.upms.rpc.pojo.UpmsPermission@57032606]}','upms:permission:read'),(1579,'权限列表','',1499062147233,6,'http://upms.zhangshuzheng.cn:1111','/manage/permission/list','http://upms.zhangshuzheng.cn:1111/manage/permission/list','GET','order=asc&offset=30&limit=10','Mozilla/5.0 (Windows NT 10.0; Win64; x64) AppleWebKit/537.36 (KHTML, like Gecko) Chrome/59.0.3071.115 Safari/537.36','127.0.0.1','{total=68, rows=[com.bobo.upms.rpc.pojo.UpmsPermission@58dc47e4, com.bobo.upms.rpc.pojo.UpmsPermission@7d8aea62, com.bobo.upms.rpc.pojo.UpmsPermission@28ce4bea, com.bobo.upms.rpc.pojo.UpmsPermission@44c975b0, com.bobo.upms.rpc.pojo.UpmsPermission@7e10f9aa, com.bobo.upms.rpc.pojo.UpmsPermission@54e3d5f0, com.bobo.upms.rpc.pojo.UpmsPermission@e28559d, com.bobo.upms.rpc.pojo.UpmsPermission@143c51d, com.bobo.upms.rpc.pojo.UpmsPermission@7867b136, com.bobo.upms.rpc.pojo.UpmsPermission@3261b79f]}','upms:permission:read'),(1580,'权限列表','',1499062147403,8,'http://upms.zhangshuzheng.cn:1111','/manage/permission/list','http://upms.zhangshuzheng.cn:1111/manage/permission/list','GET','order=asc&offset=40&limit=10','Mozilla/5.0 (Windows NT 10.0; Win64; x64) AppleWebKit/537.36 (KHTML, like Gecko) Chrome/59.0.3071.115 Safari/537.36','127.0.0.1','{total=68, rows=[com.bobo.upms.rpc.pojo.UpmsPermission@5d5f492d, com.bobo.upms.rpc.pojo.UpmsPermission@252798a5, com.bobo.upms.rpc.pojo.UpmsPermission@31bd039e, com.bobo.upms.rpc.pojo.UpmsPermission@358949f3, com.bobo.upms.rpc.pojo.UpmsPermission@1238684e, com.bobo.upms.rpc.pojo.UpmsPermission@b43381c, com.bobo.upms.rpc.pojo.UpmsPermission@523b7b19, com.bobo.upms.rpc.pojo.UpmsPermission@2d02667c, com.bobo.upms.rpc.pojo.UpmsPermission@7ca9118a, com.bobo.upms.rpc.pojo.UpmsPermission@6eb845db]}','upms:permission:read'),(1581,'权限列表','',1499062147550,8,'http://upms.zhangshuzheng.cn:1111','/manage/permission/list','http://upms.zhangshuzheng.cn:1111/manage/permission/list','GET','order=asc&offset=50&limit=10','Mozilla/5.0 (Windows NT 10.0; Win64; x64) AppleWebKit/537.36 (KHTML, like Gecko) Chrome/59.0.3071.115 Safari/537.36','127.0.0.1','{total=68, rows=[com.bobo.upms.rpc.pojo.UpmsPermission@b2d2084, com.bobo.upms.rpc.pojo.UpmsPermission@4a24817d, com.bobo.upms.rpc.pojo.UpmsPermission@114dc0c8, com.bobo.upms.rpc.pojo.UpmsPermission@6ffe5894, com.bobo.upms.rpc.pojo.UpmsPermission@d356cef, com.bobo.upms.rpc.pojo.UpmsPermission@63742b5d, com.bobo.upms.rpc.pojo.UpmsPermission@1c40ec7b, com.bobo.upms.rpc.pojo.UpmsPermission@1672d9f, com.bobo.upms.rpc.pojo.UpmsPermission@27936b48, com.bobo.upms.rpc.pojo.UpmsPermission@657f9224]}','upms:permission:read'),(1582,'权限列表','',1499062147705,7,'http://upms.zhangshuzheng.cn:1111','/manage/permission/list','http://upms.zhangshuzheng.cn:1111/manage/permission/list','GET','order=asc&offset=60&limit=10','Mozilla/5.0 (Windows NT 10.0; Win64; x64) AppleWebKit/537.36 (KHTML, like Gecko) Chrome/59.0.3071.115 Safari/537.36','127.0.0.1','{total=68, rows=[com.bobo.upms.rpc.pojo.UpmsPermission@2ea08b0b, com.bobo.upms.rpc.pojo.UpmsPermission@24e7875f, com.bobo.upms.rpc.pojo.UpmsPermission@572e18e2, com.bobo.upms.rpc.pojo.UpmsPermission@3f3c2b16, com.bobo.upms.rpc.pojo.UpmsPermission@156e0729, com.bobo.upms.rpc.pojo.UpmsPermission@d2bb7a4, com.bobo.upms.rpc.pojo.UpmsPermission@2a6557eb, com.bobo.upms.rpc.pojo.UpmsPermission@74dfbd2a]}','upms:permission:read'),(1583,'权限列表','',1499062150217,8,'http://upms.zhangshuzheng.cn:1111','/manage/permission/list','http://upms.zhangshuzheng.cn:1111/manage/permission/list','GET','order=asc&offset=50&limit=10','Mozilla/5.0 (Windows NT 10.0; Win64; x64) AppleWebKit/537.36 (KHTML, like Gecko) Chrome/59.0.3071.115 Safari/537.36','127.0.0.1','{total=68, rows=[com.bobo.upms.rpc.pojo.UpmsPermission@4ed5d6c7, com.bobo.upms.rpc.pojo.UpmsPermission@506e8d3d, com.bobo.upms.rpc.pojo.UpmsPermission@1a0bdb40, com.bobo.upms.rpc.pojo.UpmsPermission@13f407a3, com.bobo.upms.rpc.pojo.UpmsPermission@73f798f4, com.bobo.upms.rpc.pojo.UpmsPermission@5754e4d2, com.bobo.upms.rpc.pojo.UpmsPermission@1341e4a3, com.bobo.upms.rpc.pojo.UpmsPermission@20bb2077, com.bobo.upms.rpc.pojo.UpmsPermission@6fc43cac, com.bobo.upms.rpc.pojo.UpmsPermission@1f4627f2]}','upms:permission:read'),(1584,'权限列表','',1499062150403,7,'http://upms.zhangshuzheng.cn:1111','/manage/permission/list','http://upms.zhangshuzheng.cn:1111/manage/permission/list','GET','order=asc&offset=40&limit=10','Mozilla/5.0 (Windows NT 10.0; Win64; x64) AppleWebKit/537.36 (KHTML, like Gecko) Chrome/59.0.3071.115 Safari/537.36','127.0.0.1','{total=68, rows=[com.bobo.upms.rpc.pojo.UpmsPermission@552b9052, com.bobo.upms.rpc.pojo.UpmsPermission@4d859e25, com.bobo.upms.rpc.pojo.UpmsPermission@4b8d833e, com.bobo.upms.rpc.pojo.UpmsPermission@6081469, com.bobo.upms.rpc.pojo.UpmsPermission@fa8adfa, com.bobo.upms.rpc.pojo.UpmsPermission@6e3d7e9c, com.bobo.upms.rpc.pojo.UpmsPermission@490e9416, com.bobo.upms.rpc.pojo.UpmsPermission@f637a02, com.bobo.upms.rpc.pojo.UpmsPermission@456ec169, com.bobo.upms.rpc.pojo.UpmsPermission@40228ec6]}','upms:permission:read'),(1585,'权限列表','',1499062150581,6,'http://upms.zhangshuzheng.cn:1111','/manage/permission/list','http://upms.zhangshuzheng.cn:1111/manage/permission/list','GET','order=asc&offset=30&limit=10','Mozilla/5.0 (Windows NT 10.0; Win64; x64) AppleWebKit/537.36 (KHTML, like Gecko) Chrome/59.0.3071.115 Safari/537.36','127.0.0.1','{total=68, rows=[com.bobo.upms.rpc.pojo.UpmsPermission@7030c023, com.bobo.upms.rpc.pojo.UpmsPermission@4e7fcbbd, com.bobo.upms.rpc.pojo.UpmsPermission@6bbf9fc8, com.bobo.upms.rpc.pojo.UpmsPermission@62f302f1, com.bobo.upms.rpc.pojo.UpmsPermission@1434e754, com.bobo.upms.rpc.pojo.UpmsPermission@24a6f44c, com.bobo.upms.rpc.pojo.UpmsPermission@33f06ecf, com.bobo.upms.rpc.pojo.UpmsPermission@49ee06ca, com.bobo.upms.rpc.pojo.UpmsPermission@7ad356e4, com.bobo.upms.rpc.pojo.UpmsPermission@69c4d966]}','upms:permission:read'),(1586,'权限列表','',1499062150747,6,'http://upms.zhangshuzheng.cn:1111','/manage/permission/list','http://upms.zhangshuzheng.cn:1111/manage/permission/list','GET','order=asc&offset=20&limit=10','Mozilla/5.0 (Windows NT 10.0; Win64; x64) AppleWebKit/537.36 (KHTML, like Gecko) Chrome/59.0.3071.115 Safari/537.36','127.0.0.1','{total=68, rows=[com.bobo.upms.rpc.pojo.UpmsPermission@48834309, com.bobo.upms.rpc.pojo.UpmsPermission@17d2384e, com.bobo.upms.rpc.pojo.UpmsPermission@2bc23121, com.bobo.upms.rpc.pojo.UpmsPermission@35590bfd, com.bobo.upms.rpc.pojo.UpmsPermission@67108d54, com.bobo.upms.rpc.pojo.UpmsPermission@6186d9b0, com.bobo.upms.rpc.pojo.UpmsPermission@5bf7b798, com.bobo.upms.rpc.pojo.UpmsPermission@268c49f8, com.bobo.upms.rpc.pojo.UpmsPermission@45150a50, com.bobo.upms.rpc.pojo.UpmsPermission@1289101b]}','upms:permission:read'),(1587,'权限列表','',1499062150901,8,'http://upms.zhangshuzheng.cn:1111','/manage/permission/list','http://upms.zhangshuzheng.cn:1111/manage/permission/list','GET','order=asc&offset=10&limit=10','Mozilla/5.0 (Windows NT 10.0; Win64; x64) AppleWebKit/537.36 (KHTML, like Gecko) Chrome/59.0.3071.115 Safari/537.36','127.0.0.1','{total=68, rows=[com.bobo.upms.rpc.pojo.UpmsPermission@8d5248, com.bobo.upms.rpc.pojo.UpmsPermission@5ef14fb2, com.bobo.upms.rpc.pojo.UpmsPermission@5f2c1f97, com.bobo.upms.rpc.pojo.UpmsPermission@23208cf5, com.bobo.upms.rpc.pojo.UpmsPermission@495585cb, com.bobo.upms.rpc.pojo.UpmsPermission@1d8ddf8c, com.bobo.upms.rpc.pojo.UpmsPermission@22e2ab0d, com.bobo.upms.rpc.pojo.UpmsPermission@582dc80, com.bobo.upms.rpc.pojo.UpmsPermission@601c6a26, com.bobo.upms.rpc.pojo.UpmsPermission@131ea816]}','upms:permission:read'),(1588,'权限列表','',1499062151063,7,'http://upms.zhangshuzheng.cn:1111','/manage/permission/list','http://upms.zhangshuzheng.cn:1111/manage/permission/list','GET','order=asc&offset=0&limit=10','Mozilla/5.0 (Windows NT 10.0; Win64; x64) AppleWebKit/537.36 (KHTML, like Gecko) Chrome/59.0.3071.115 Safari/537.36','127.0.0.1','{total=68, rows=[com.bobo.upms.rpc.pojo.UpmsPermission@4a601b24, com.bobo.upms.rpc.pojo.UpmsPermission@60eb60cf, com.bobo.upms.rpc.pojo.UpmsPermission@509beeae, com.bobo.upms.rpc.pojo.UpmsPermission@1986e513, com.bobo.upms.rpc.pojo.UpmsPermission@5375643c, com.bobo.upms.rpc.pojo.UpmsPermission@68239b85, com.bobo.upms.rpc.pojo.UpmsPermission@6742f6b1, com.bobo.upms.rpc.pojo.UpmsPermission@49c22937, com.bobo.upms.rpc.pojo.UpmsPermission@316ef0b7, com.bobo.upms.rpc.pojo.UpmsPermission@4565aaac]}','upms:permission:read'),(1589,'日志首页','',1499062155311,6,'http://upms.zhangshuzheng.cn:1111','/manage/log/index','http://upms.zhangshuzheng.cn:1111/manage/log/index','GET',NULL,'Mozilla/5.0 (Windows NT 10.0; Win64; x64) AppleWebKit/537.36 (KHTML, like Gecko) Chrome/59.0.3071.115 Safari/537.36','127.0.0.1','/manage/log/index','upms:log:read'),(1590,'日志列表','',1499062155504,85,'http://upms.zhangshuzheng.cn:1111','/manage/log/list','http://upms.zhangshuzheng.cn:1111/manage/log/list','GET','order=asc&offset=0&limit=10','Mozilla/5.0 (Windows NT 10.0; Win64; x64) AppleWebKit/537.36 (KHTML, like Gecko) Chrome/59.0.3071.115 Safari/537.36','127.0.0.1','{total=146, rows=[com.bobo.upms.rpc.pojo.UpmsLog@375a8406, com.bobo.upms.rpc.pojo.UpmsLog@17eee9c1, com.bobo.upms.rpc.pojo.UpmsLog@2d0542c3, com.bobo.upms.rpc.pojo.UpmsLog@68c3233b, com.bobo.upms.rpc.pojo.UpmsLog@b5ae091, com.bobo.upms.rpc.pojo.UpmsLog@6b9ab0da, com.bobo.upms.rpc.pojo.UpmsLog@6c0ee430, com.bobo.upms.rpc.pojo.UpmsLog@1da5c871, com.bobo.upms.rpc.pojo.UpmsLog@41a7fd3c, com.bobo.upms.rpc.pojo.UpmsLog@7f8589b2]}','upms:log:read'),(1591,'日志列表','',1499062157564,27,'http://upms.zhangshuzheng.cn:1111','/manage/log/list','http://upms.zhangshuzheng.cn:1111/manage/log/list','GET','order=asc&offset=140&limit=10','Mozilla/5.0 (Windows NT 10.0; Win64; x64) AppleWebKit/537.36 (KHTML, like Gecko) Chrome/59.0.3071.115 Safari/537.36','127.0.0.1','{total=147, rows=[com.bobo.upms.rpc.pojo.UpmsLog@324858a7, com.bobo.upms.rpc.pojo.UpmsLog@723dc2d5, com.bobo.upms.rpc.pojo.UpmsLog@6344deff, com.bobo.upms.rpc.pojo.UpmsLog@b73c335, com.bobo.upms.rpc.pojo.UpmsLog@7b8e2f9c, com.bobo.upms.rpc.pojo.UpmsLog@67b96152, com.bobo.upms.rpc.pojo.UpmsLog@22cff87c]}','upms:log:read'),(1592,'日志列表','',1499062158744,27,'http://upms.zhangshuzheng.cn:1111','/manage/log/list','http://upms.zhangshuzheng.cn:1111/manage/log/list','GET','order=asc&offset=120&limit=10','Mozilla/5.0 (Windows NT 10.0; Win64; x64) AppleWebKit/537.36 (KHTML, like Gecko) Chrome/59.0.3071.115 Safari/537.36','127.0.0.1','{total=148, rows=[com.bobo.upms.rpc.pojo.UpmsLog@14942b63, com.bobo.upms.rpc.pojo.UpmsLog@a7ed5d3, com.bobo.upms.rpc.pojo.UpmsLog@428e65f1, com.bobo.upms.rpc.pojo.UpmsLog@2ca02866, com.bobo.upms.rpc.pojo.UpmsLog@19dad1a2, com.bobo.upms.rpc.pojo.UpmsLog@65765f07, com.bobo.upms.rpc.pojo.UpmsLog@54e60fb5, com.bobo.upms.rpc.pojo.UpmsLog@7928ee57, com.bobo.upms.rpc.pojo.UpmsLog@36306711, com.bobo.upms.rpc.pojo.UpmsLog@61e998b7]}','upms:log:read'),(1593,'日志列表','',1499062159232,25,'http://upms.zhangshuzheng.cn:1111','/manage/log/list','http://upms.zhangshuzheng.cn:1111/manage/log/list','GET','order=asc&offset=130&limit=10','Mozilla/5.0 (Windows NT 10.0; Win64; x64) AppleWebKit/537.36 (KHTML, like Gecko) Chrome/59.0.3071.115 Safari/537.36','127.0.0.1','{total=149, rows=[com.bobo.upms.rpc.pojo.UpmsLog@12d5f4d2, com.bobo.upms.rpc.pojo.UpmsLog@4226390c, com.bobo.upms.rpc.pojo.UpmsLog@52611ece, com.bobo.upms.rpc.pojo.UpmsLog@2e4914ad, com.bobo.upms.rpc.pojo.UpmsLog@130706d2, com.bobo.upms.rpc.pojo.UpmsLog@601ab3e7, com.bobo.upms.rpc.pojo.UpmsLog@3a575644, com.bobo.upms.rpc.pojo.UpmsLog@5cddc1df, com.bobo.upms.rpc.pojo.UpmsLog@77c76d00, com.bobo.upms.rpc.pojo.UpmsLog@42776d94]}','upms:log:read'),(1594,'日志列表','',1499062160056,26,'http://upms.zhangshuzheng.cn:1111','/manage/log/list','http://upms.zhangshuzheng.cn:1111/manage/log/list','GET','order=asc&offset=120&limit=10','Mozilla/5.0 (Windows NT 10.0; Win64; x64) AppleWebKit/537.36 (KHTML, like Gecko) Chrome/59.0.3071.115 Safari/537.36','127.0.0.1','{total=150, rows=[com.bobo.upms.rpc.pojo.UpmsLog@6919d0ed, com.bobo.upms.rpc.pojo.UpmsLog@3fd3f51f, com.bobo.upms.rpc.pojo.UpmsLog@357a743f, com.bobo.upms.rpc.pojo.UpmsLog@54c659c, com.bobo.upms.rpc.pojo.UpmsLog@22754360, com.bobo.upms.rpc.pojo.UpmsLog@22e213c, com.bobo.upms.rpc.pojo.UpmsLog@641366ca, com.bobo.upms.rpc.pojo.UpmsLog@2158f51, com.bobo.upms.rpc.pojo.UpmsLog@a73a230, com.bobo.upms.rpc.pojo.UpmsLog@79a74583]}','upms:log:read'),(1595,'日志列表','',1499062160387,23,'http://upms.zhangshuzheng.cn:1111','/manage/log/list','http://upms.zhangshuzheng.cn:1111/manage/log/list','GET','order=asc&offset=130&limit=10','Mozilla/5.0 (Windows NT 10.0; Win64; x64) AppleWebKit/537.36 (KHTML, like Gecko) Chrome/59.0.3071.115 Safari/537.36','127.0.0.1','{total=151, rows=[com.bobo.upms.rpc.pojo.UpmsLog@71440ce9, com.bobo.upms.rpc.pojo.UpmsLog@10b00111, com.bobo.upms.rpc.pojo.UpmsLog@6b39e54, com.bobo.upms.rpc.pojo.UpmsLog@8eed09f, com.bobo.upms.rpc.pojo.UpmsLog@599ca62f, com.bobo.upms.rpc.pojo.UpmsLog@49348c84, com.bobo.upms.rpc.pojo.UpmsLog@536feac8, com.bobo.upms.rpc.pojo.UpmsLog@2dfbb212, com.bobo.upms.rpc.pojo.UpmsLog@116ac45c, com.bobo.upms.rpc.pojo.UpmsLog@7c573a59]}','upms:log:read'),(1596,'日志列表','',1499062161993,24,'http://upms.zhangshuzheng.cn:1111','/manage/log/list','http://upms.zhangshuzheng.cn:1111/manage/log/list','GET','order=asc&offset=150&limit=10','Mozilla/5.0 (Windows NT 10.0; Win64; x64) AppleWebKit/537.36 (KHTML, like Gecko) Chrome/59.0.3071.115 Safari/537.36','127.0.0.1','{total=152, rows=[com.bobo.upms.rpc.pojo.UpmsLog@3b9fbbb9, com.bobo.upms.rpc.pojo.UpmsLog@17b90078]}','upms:log:read'),(1597,'用户首页','',1499062170237,6,'http://upms.zhangshuzheng.cn:1111','/manage/user/index','http://upms.zhangshuzheng.cn:1111/manage/user/index','GET',NULL,'Mozilla/5.0 (Windows NT 10.0; Win64; x64) AppleWebKit/537.36 (KHTML, like Gecko) Chrome/59.0.3071.115 Safari/537.36','127.0.0.1','/manage/user/index','upms:user:read'),(1598,'用户列表','',1499062170456,7,'http://upms.zhangshuzheng.cn:1111','/manage/user/list','http://upms.zhangshuzheng.cn:1111/manage/user/list','GET','order=asc&offset=0&limit=10','Mozilla/5.0 (Windows NT 10.0; Win64; x64) AppleWebKit/537.36 (KHTML, like Gecko) Chrome/59.0.3071.115 Safari/537.36','127.0.0.1','{total=1, rows=[com.bobo.upms.rpc.pojo.UpmsUser@7b54f854]}','upms:user:read'),(1599,'角色首页','',1499062171188,6,'http://upms.zhangshuzheng.cn:1111','/manage/role/index','http://upms.zhangshuzheng.cn:1111/manage/role/index','GET',NULL,'Mozilla/5.0 (Windows NT 10.0; Win64; x64) AppleWebKit/537.36 (KHTML, like Gecko) Chrome/59.0.3071.115 Safari/537.36','127.0.0.1','/manage/role/index','upms:role:read'),(1600,'角色列表','',1499062171346,13,'http://upms.zhangshuzheng.cn:1111','/manage/role/list','http://upms.zhangshuzheng.cn:1111/manage/role/list','GET','order=asc&offset=0&limit=10','Mozilla/5.0 (Windows NT 10.0; Win64; x64) AppleWebKit/537.36 (KHTML, like Gecko) Chrome/59.0.3071.115 Safari/537.36','127.0.0.1','{total=2, rows=[com.bobo.upms.rpc.pojo.UpmsRole@270ab81c, com.bobo.upms.rpc.pojo.UpmsRole@1a801112]}','upms:role:read'),(1601,'权限首页','',1499062179371,0,'http://upms.zhangshuzheng.cn:1111','/manage/permission/index','http://upms.zhangshuzheng.cn:1111/manage/permission/index','GET',NULL,'Mozilla/5.0 (Windows NT 10.0; Win64; x64) AppleWebKit/537.36 (KHTML, like Gecko) Chrome/59.0.3071.115 Safari/537.36','127.0.0.1','/manage/permission/index','upms:permission:read'),(1602,'权限列表','',1499062179466,6,'http://upms.zhangshuzheng.cn:1111','/manage/permission/list','http://upms.zhangshuzheng.cn:1111/manage/permission/list','GET','order=asc&offset=0&limit=10','Mozilla/5.0 (Windows NT 10.0; Win64; x64) AppleWebKit/537.36 (KHTML, like Gecko) Chrome/59.0.3071.115 Safari/537.36','127.0.0.1','{total=68, rows=[com.bobo.upms.rpc.pojo.UpmsPermission@43291e06, com.bobo.upms.rpc.pojo.UpmsPermission@75f66ba8, com.bobo.upms.rpc.pojo.UpmsPermission@32a195c, com.bobo.upms.rpc.pojo.UpmsPermission@67e3b329, com.bobo.upms.rpc.pojo.UpmsPermission@6cb148fd, com.bobo.upms.rpc.pojo.UpmsPermission@2a5cd5e8, com.bobo.upms.rpc.pojo.UpmsPermission@79efd906, com.bobo.upms.rpc.pojo.UpmsPermission@3ef47e9, com.bobo.upms.rpc.pojo.UpmsPermission@657f01c9, com.bobo.upms.rpc.pojo.UpmsPermission@29c07b1b]}','upms:permission:read'),(1603,'权限首页','',1499062180826,0,'http://upms.zhangshuzheng.cn:1111','/manage/permission/index','http://upms.zhangshuzheng.cn:1111/manage/permission/index','GET',NULL,'Mozilla/5.0 (Windows NT 10.0; Win64; x64) AppleWebKit/537.36 (KHTML, like Gecko) Chrome/59.0.3071.115 Safari/537.36','127.0.0.1','/manage/permission/index','upms:permission:read'),(1604,'权限列表','',1499062180908,4,'http://upms.zhangshuzheng.cn:1111','/manage/permission/list','http://upms.zhangshuzheng.cn:1111/manage/permission/list','GET','order=asc&offset=0&limit=10','Mozilla/5.0 (Windows NT 10.0; Win64; x64) AppleWebKit/537.36 (KHTML, like Gecko) Chrome/59.0.3071.115 Safari/537.36','127.0.0.1','{total=68, rows=[com.bobo.upms.rpc.pojo.UpmsPermission@733e1167, com.bobo.upms.rpc.pojo.UpmsPermission@21091ce0, com.bobo.upms.rpc.pojo.UpmsPermission@7d3ff00b, com.bobo.upms.rpc.pojo.UpmsPermission@a1110a9, com.bobo.upms.rpc.pojo.UpmsPermission@9278da5, com.bobo.upms.rpc.pojo.UpmsPermission@60a06e7d, com.bobo.upms.rpc.pojo.UpmsPermission@629d65ca, com.bobo.upms.rpc.pojo.UpmsPermission@608ba568, com.bobo.upms.rpc.pojo.UpmsPermission@55745679, com.bobo.upms.rpc.pojo.UpmsPermission@3644092c]}','upms:permission:read'),(1605,'系统首页','',1499062245194,0,'http://upms.zhangshuzheng.cn:1111','/manage/system/index','http://upms.zhangshuzheng.cn:1111/manage/system/index','GET',NULL,'Mozilla/5.0 (Windows NT 10.0; Win64; x64) AppleWebKit/537.36 (KHTML, like Gecko) Chrome/59.0.3071.115 Safari/537.36','127.0.0.1','manage/system/index','upms:system:read'),(1606,'系统列表','',1499062245349,6,'http://upms.zhangshuzheng.cn:1111','/manage/system/list','http://upms.zhangshuzheng.cn:1111/manage/system/list','GET','order=asc&offset=0&limit=10','Mozilla/5.0 (Windows NT 10.0; Win64; x64) AppleWebKit/537.36 (KHTML, like Gecko) Chrome/59.0.3071.115 Safari/537.36','127.0.0.1','{total=2, rows=[com.bobo.upms.rpc.pojo.UpmsSystem@69a2345f, com.bobo.upms.rpc.pojo.UpmsSystem@72fce2d5]}','upms:system:read'),(1607,'组织首页','',1499062245876,0,'http://upms.zhangshuzheng.cn:1111','/manage/organization/index','http://upms.zhangshuzheng.cn:1111/manage/organization/index','GET',NULL,'Mozilla/5.0 (Windows NT 10.0; Win64; x64) AppleWebKit/537.36 (KHTML, like Gecko) Chrome/59.0.3071.115 Safari/537.36','127.0.0.1','manage/organization/index','upms:organization:read'),(1608,'组织列表','',1499062245973,7,'http://upms.zhangshuzheng.cn:1111','/manage/organization/list','http://upms.zhangshuzheng.cn:1111/manage/organization/list','GET','order=asc&offset=0&limit=10','Mozilla/5.0 (Windows NT 10.0; Win64; x64) AppleWebKit/537.36 (KHTML, like Gecko) Chrome/59.0.3071.115 Safari/537.36','127.0.0.1','{total=5, rows=[com.bobo.upms.rpc.pojo.UpmsOrganization@385e49d4, com.bobo.upms.rpc.pojo.UpmsOrganization@3c69b370, com.bobo.upms.rpc.pojo.UpmsOrganization@7b62b841, com.bobo.upms.rpc.pojo.UpmsOrganization@5117ced9, com.bobo.upms.rpc.pojo.UpmsOrganization@1bcd3dc6]}','upms:organization:read'),(1609,'权限首页','',1499062403447,0,'http://upms.zhangshuzheng.cn:1111','/manage/permission/index','http://upms.zhangshuzheng.cn:1111/manage/permission/index','GET',NULL,'Mozilla/5.0 (Windows NT 10.0; Win64; x64) AppleWebKit/537.36 (KHTML, like Gecko) Chrome/59.0.3071.115 Safari/537.36','127.0.0.1','/manage/permission/index','upms:permission:read'),(1610,'权限列表','',1499062403543,5,'http://upms.zhangshuzheng.cn:1111','/manage/permission/list','http://upms.zhangshuzheng.cn:1111/manage/permission/list','GET','order=asc&offset=0&limit=10','Mozilla/5.0 (Windows NT 10.0; Win64; x64) AppleWebKit/537.36 (KHTML, like Gecko) Chrome/59.0.3071.115 Safari/537.36','127.0.0.1','{total=68, rows=[com.bobo.upms.rpc.pojo.UpmsPermission@7b97d4d, com.bobo.upms.rpc.pojo.UpmsPermission@6fe93234, com.bobo.upms.rpc.pojo.UpmsPermission@6dee1ce1, com.bobo.upms.rpc.pojo.UpmsPermission@21a53167, com.bobo.upms.rpc.pojo.UpmsPermission@6dba630b, com.bobo.upms.rpc.pojo.UpmsPermission@4b64941a, com.bobo.upms.rpc.pojo.UpmsPermission@56708083, com.bobo.upms.rpc.pojo.UpmsPermission@5ed6ad23, com.bobo.upms.rpc.pojo.UpmsPermission@604a2fc9, com.bobo.upms.rpc.pojo.UpmsPermission@fe1b39e]}','upms:permission:read'),(1611,NULL,'',1499062438187,0,'http://upms.zhangshuzheng.cn:1111','/index.html','http://upms.zhangshuzheng.cn:1111/index.html','GET',NULL,'Mozilla/5.0 (Windows NT 10.0; Win64; x64) AppleWebKit/537.36 (KHTML, like Gecko) Chrome/59.0.3071.115 Safari/537.36','127.0.0.1','redirect:/manage/index',''),(1612,'登录','',1499062438199,0,'http://upms.zhangshuzheng.cn:1111','/sso/login','http://upms.zhangshuzheng.cn:1111/sso/login','GET','ReturnURL=http%253A%252F%252Fupms.zhangshuzheng.cn%253A1111%252Fmanage%252Findex','Mozilla/5.0 (Windows NT 10.0; Win64; x64) AppleWebKit/537.36 (KHTML, like Gecko) Chrome/59.0.3071.115 Safari/537.36','127.0.0.1','sso/login',''),(1613,'登录','',1499062442585,12,'http://upms.zhangshuzheng.cn:1111','/sso/login','http://upms.zhangshuzheng.cn:1111/sso/login','POST','{password=[123456],ReturnURL=[http%3A%2F%2Fupms.zhangshuzheng.cn%3A1111%2Fmanage%2Findex],rememberMe=[false],username=[admin]}','Mozilla/5.0 (Windows NT 10.0; Win64; x64) AppleWebKit/537.36 (KHTML, like Gecko) Chrome/59.0.3071.115 Safari/537.36','127.0.0.1','com.bobo.upms.client.constant.UpmsResult@1edabd2e',''),(1614,'后台首页','',1499062442617,11,'http://upms.zhangshuzheng.cn:1111','/manage/index','http://upms.zhangshuzheng.cn:1111/manage/index','GET',NULL,'Mozilla/5.0 (Windows NT 10.0; Win64; x64) AppleWebKit/537.36 (KHTML, like Gecko) Chrome/59.0.3071.115 Safari/537.36','127.0.0.1','manage/index',''),(1615,'系统首页','',1499062444663,0,'http://upms.zhangshuzheng.cn:1111','/manage/system/index','http://upms.zhangshuzheng.cn:1111/manage/system/index','GET',NULL,'Mozilla/5.0 (Windows NT 10.0; Win64; x64) AppleWebKit/537.36 (KHTML, like Gecko) Chrome/59.0.3071.115 Safari/537.36','127.0.0.1','manage/system/index','upms:system:read'),(1616,'系统列表','',1499062444800,7,'http://upms.zhangshuzheng.cn:1111','/manage/system/list','http://upms.zhangshuzheng.cn:1111/manage/system/list','GET','order=asc&offset=0&limit=10','Mozilla/5.0 (Windows NT 10.0; Win64; x64) AppleWebKit/537.36 (KHTML, like Gecko) Chrome/59.0.3071.115 Safari/537.36','127.0.0.1','{total=2, rows=[com.bobo.upms.rpc.pojo.UpmsSystem@214e6da2, com.bobo.upms.rpc.pojo.UpmsSystem@409b7cae]}','upms:system:read'),(1617,'组织首页','',1499062445556,0,'http://upms.zhangshuzheng.cn:1111','/manage/organization/index','http://upms.zhangshuzheng.cn:1111/manage/organization/index','GET',NULL,'Mozilla/5.0 (Windows NT 10.0; Win64; x64) AppleWebKit/537.36 (KHTML, like Gecko) Chrome/59.0.3071.115 Safari/537.36','127.0.0.1','manage/organization/index','upms:organization:read'),(1618,'组织列表','',1499062445667,6,'http://upms.zhangshuzheng.cn:1111','/manage/organization/list','http://upms.zhangshuzheng.cn:1111/manage/organization/list','GET','order=asc&offset=0&limit=10','Mozilla/5.0 (Windows NT 10.0; Win64; x64) AppleWebKit/537.36 (KHTML, like Gecko) Chrome/59.0.3071.115 Safari/537.36','127.0.0.1','{total=5, rows=[com.bobo.upms.rpc.pojo.UpmsOrganization@368f94e1, com.bobo.upms.rpc.pojo.UpmsOrganization@72f4d0a7, com.bobo.upms.rpc.pojo.UpmsOrganization@257e46dd, com.bobo.upms.rpc.pojo.UpmsOrganization@62bb7523, com.bobo.upms.rpc.pojo.UpmsOrganization@28d9dd09]}','upms:organization:read'),(1619,'用户首页','',1499062448510,0,'http://upms.zhangshuzheng.cn:1111','/manage/user/index','http://upms.zhangshuzheng.cn:1111/manage/user/index','GET',NULL,'Mozilla/5.0 (Windows NT 10.0; Win64; x64) AppleWebKit/537.36 (KHTML, like Gecko) Chrome/59.0.3071.115 Safari/537.36','127.0.0.1','/manage/user/index','upms:user:read'),(1620,'用户列表','',1499062448623,6,'http://upms.zhangshuzheng.cn:1111','/manage/user/list','http://upms.zhangshuzheng.cn:1111/manage/user/list','GET','order=asc&offset=0&limit=10','Mozilla/5.0 (Windows NT 10.0; Win64; x64) AppleWebKit/537.36 (KHTML, like Gecko) Chrome/59.0.3071.115 Safari/537.36','127.0.0.1','{total=1, rows=[com.bobo.upms.rpc.pojo.UpmsUser@7953e42c]}','upms:user:read'),(1621,'角色首页','',1499062448966,0,'http://upms.zhangshuzheng.cn:1111','/manage/role/index','http://upms.zhangshuzheng.cn:1111/manage/role/index','GET',NULL,'Mozilla/5.0 (Windows NT 10.0; Win64; x64) AppleWebKit/537.36 (KHTML, like Gecko) Chrome/59.0.3071.115 Safari/537.36','127.0.0.1','/manage/role/index','upms:role:read'),(1622,'角色列表','',1499062449054,6,'http://upms.zhangshuzheng.cn:1111','/manage/role/list','http://upms.zhangshuzheng.cn:1111/manage/role/list','GET','order=asc&offset=0&limit=10','Mozilla/5.0 (Windows NT 10.0; Win64; x64) AppleWebKit/537.36 (KHTML, like Gecko) Chrome/59.0.3071.115 Safari/537.36','127.0.0.1','{total=2, rows=[com.bobo.upms.rpc.pojo.UpmsRole@5d0c5792, com.bobo.upms.rpc.pojo.UpmsRole@1c4b0429]}','upms:role:read'),(1623,'权限首页','',1499062450198,0,'http://upms.zhangshuzheng.cn:1111','/manage/permission/index','http://upms.zhangshuzheng.cn:1111/manage/permission/index','GET',NULL,'Mozilla/5.0 (Windows NT 10.0; Win64; x64) AppleWebKit/537.36 (KHTML, like Gecko) Chrome/59.0.3071.115 Safari/537.36','127.0.0.1','/manage/permission/index','upms:permission:read'),(1624,'权限列表','',1499062450289,7,'http://upms.zhangshuzheng.cn:1111','/manage/permission/list','http://upms.zhangshuzheng.cn:1111/manage/permission/list','GET','order=asc&offset=0&limit=10','Mozilla/5.0 (Windows NT 10.0; Win64; x64) AppleWebKit/537.36 (KHTML, like Gecko) Chrome/59.0.3071.115 Safari/537.36','127.0.0.1','{total=68, rows=[com.bobo.upms.rpc.pojo.UpmsPermission@4d66c4d7, com.bobo.upms.rpc.pojo.UpmsPermission@2fe60f5d, com.bobo.upms.rpc.pojo.UpmsPermission@2cc36c3a, com.bobo.upms.rpc.pojo.UpmsPermission@73458121, com.bobo.upms.rpc.pojo.UpmsPermission@8fea3e2, com.bobo.upms.rpc.pojo.UpmsPermission@177dd947, com.bobo.upms.rpc.pojo.UpmsPermission@20e8c52e, com.bobo.upms.rpc.pojo.UpmsPermission@7f7b049b, com.bobo.upms.rpc.pojo.UpmsPermission@2674925, com.bobo.upms.rpc.pojo.UpmsPermission@7b291fcf]}','upms:permission:read'),(1625,'日志首页','',1499062452181,0,'http://upms.zhangshuzheng.cn:1111','/manage/log/index','http://upms.zhangshuzheng.cn:1111/manage/log/index','GET',NULL,'Mozilla/5.0 (Windows NT 10.0; Win64; x64) AppleWebKit/537.36 (KHTML, like Gecko) Chrome/59.0.3071.115 Safari/537.36','127.0.0.1','/manage/log/index','upms:log:read'),(1626,'日志列表','',1499062452253,26,'http://upms.zhangshuzheng.cn:1111','/manage/log/list','http://upms.zhangshuzheng.cn:1111/manage/log/list','GET','order=asc&offset=0&limit=10','Mozilla/5.0 (Windows NT 10.0; Win64; x64) AppleWebKit/537.36 (KHTML, like Gecko) Chrome/59.0.3071.115 Safari/537.36','127.0.0.1','{total=182, rows=[com.bobo.upms.rpc.pojo.UpmsLog@bdb11ee, com.bobo.upms.rpc.pojo.UpmsLog@1946735, com.bobo.upms.rpc.pojo.UpmsLog@337dc26f, com.bobo.upms.rpc.pojo.UpmsLog@271f00d9, com.bobo.upms.rpc.pojo.UpmsLog@741821b5, com.bobo.upms.rpc.pojo.UpmsLog@56975dcc, com.bobo.upms.rpc.pojo.UpmsLog@b2493cb, com.bobo.upms.rpc.pojo.UpmsLog@546243be, com.bobo.upms.rpc.pojo.UpmsLog@6142d50e, com.bobo.upms.rpc.pojo.UpmsLog@d579dd7]}','upms:log:read'),(1627,'系统首页','',1499062456276,0,'http://upms.zhangshuzheng.cn:1111','/manage/system/index','http://upms.zhangshuzheng.cn:1111/manage/system/index','GET',NULL,'Mozilla/5.0 (Windows NT 10.0; Win64; x64) AppleWebKit/537.36 (KHTML, like Gecko) Chrome/59.0.3071.115 Safari/537.36','127.0.0.1','manage/system/index','upms:system:read'),(1628,'系统列表','',1499062456371,5,'http://upms.zhangshuzheng.cn:1111','/manage/system/list','http://upms.zhangshuzheng.cn:1111/manage/system/list','GET','order=asc&offset=0&limit=10','Mozilla/5.0 (Windows NT 10.0; Win64; x64) AppleWebKit/537.36 (KHTML, like Gecko) Chrome/59.0.3071.115 Safari/537.36','127.0.0.1','{total=2, rows=[com.bobo.upms.rpc.pojo.UpmsSystem@2c2f3b63, com.bobo.upms.rpc.pojo.UpmsSystem@4fcc6490]}','upms:system:read'),(1629,'系统首页','',1499062462987,0,'http://upms.zhangshuzheng.cn:1111','/manage/system/index','http://upms.zhangshuzheng.cn:1111/manage/system/index','GET',NULL,'Mozilla/5.0 (Windows NT 10.0; Win64; x64) AppleWebKit/537.36 (KHTML, like Gecko) Chrome/59.0.3071.115 Safari/537.36','127.0.0.1','manage/system/index','upms:system:read'),(1630,'系统列表','',1499062463142,4,'http://upms.zhangshuzheng.cn:1111','/manage/system/list','http://upms.zhangshuzheng.cn:1111/manage/system/list','GET','order=asc&offset=0&limit=10','Mozilla/5.0 (Windows NT 10.0; Win64; x64) AppleWebKit/537.36 (KHTML, like Gecko) Chrome/59.0.3071.115 Safari/537.36','127.0.0.1','{total=2, rows=[com.bobo.upms.rpc.pojo.UpmsSystem@4722ecfb, com.bobo.upms.rpc.pojo.UpmsSystem@69d1be8a]}','upms:system:read'),(1631,'组织首页','',1499062463449,1,'http://upms.zhangshuzheng.cn:1111','/manage/organization/index','http://upms.zhangshuzheng.cn:1111/manage/organization/index','GET',NULL,'Mozilla/5.0 (Windows NT 10.0; Win64; x64) AppleWebKit/537.36 (KHTML, like Gecko) Chrome/59.0.3071.115 Safari/537.36','127.0.0.1','manage/organization/index','upms:organization:read'),(1632,'组织列表','',1499062463546,6,'http://upms.zhangshuzheng.cn:1111','/manage/organization/list','http://upms.zhangshuzheng.cn:1111/manage/organization/list','GET','order=asc&offset=0&limit=10','Mozilla/5.0 (Windows NT 10.0; Win64; x64) AppleWebKit/537.36 (KHTML, like Gecko) Chrome/59.0.3071.115 Safari/537.36','127.0.0.1','{total=5, rows=[com.bobo.upms.rpc.pojo.UpmsOrganization@67449733, com.bobo.upms.rpc.pojo.UpmsOrganization@3e45219c, com.bobo.upms.rpc.pojo.UpmsOrganization@25d68e2a, com.bobo.upms.rpc.pojo.UpmsOrganization@7fb1594f, com.bobo.upms.rpc.pojo.UpmsOrganization@3c8fa485]}','upms:organization:read'),(1633,'角色首页','',1499062465692,0,'http://upms.zhangshuzheng.cn:1111','/manage/role/index','http://upms.zhangshuzheng.cn:1111/manage/role/index','GET',NULL,'Mozilla/5.0 (Windows NT 10.0; Win64; x64) AppleWebKit/537.36 (KHTML, like Gecko) Chrome/59.0.3071.115 Safari/537.36','127.0.0.1','/manage/role/index','upms:role:read'),(1634,'角色列表','',1499062465791,5,'http://upms.zhangshuzheng.cn:1111','/manage/role/list','http://upms.zhangshuzheng.cn:1111/manage/role/list','GET','order=asc&offset=0&limit=10','Mozilla/5.0 (Windows NT 10.0; Win64; x64) AppleWebKit/537.36 (KHTML, like Gecko) Chrome/59.0.3071.115 Safari/537.36','127.0.0.1','{total=2, rows=[com.bobo.upms.rpc.pojo.UpmsRole@3a5c31d6, com.bobo.upms.rpc.pojo.UpmsRole@1e1e9ac]}','upms:role:read'),(1635,'用户首页','',1499062466247,0,'http://upms.zhangshuzheng.cn:1111','/manage/user/index','http://upms.zhangshuzheng.cn:1111/manage/user/index','GET',NULL,'Mozilla/5.0 (Windows NT 10.0; Win64; x64) AppleWebKit/537.36 (KHTML, like Gecko) Chrome/59.0.3071.115 Safari/537.36','127.0.0.1','/manage/user/index','upms:user:read'),(1636,'用户列表','',1499062466358,4,'http://upms.zhangshuzheng.cn:1111','/manage/user/list','http://upms.zhangshuzheng.cn:1111/manage/user/list','GET','order=asc&offset=0&limit=10','Mozilla/5.0 (Windows NT 10.0; Win64; x64) AppleWebKit/537.36 (KHTML, like Gecko) Chrome/59.0.3071.115 Safari/537.36','127.0.0.1','{total=1, rows=[com.bobo.upms.rpc.pojo.UpmsUser@4b020a78]}','upms:user:read'),(1637,NULL,'',1499162580296,10,'http://upms.zhangshuzheng.cn:1111','/index.html','http://upms.zhangshuzheng.cn:1111/index.html','GET',NULL,'Mozilla/5.0 (Windows NT 10.0; Win64; x64) AppleWebKit/537.36 (KHTML, like Gecko) Chrome/59.0.3071.115 Safari/537.36','127.0.0.1','redirect:/manage/index',''),(1638,'登录','',1499162580420,9,'http://upms.zhangshuzheng.cn:1111','/sso/login','http://upms.zhangshuzheng.cn:1111/sso/login','GET','ReturnURL=http%253A%252F%252Fupms.zhangshuzheng.cn%253A1111%252Fmanage%252Findex','Mozilla/5.0 (Windows NT 10.0; Win64; x64) AppleWebKit/537.36 (KHTML, like Gecko) Chrome/59.0.3071.115 Safari/537.36','127.0.0.1','sso/login',''),(1639,'登录','',1499162582424,4116,'http://upms.zhangshuzheng.cn:1111','/sso/login','http://upms.zhangshuzheng.cn:1111/sso/login','POST','{password=[123456],ReturnURL=[http%3A%2F%2Fupms.zhangshuzheng.cn%3A1111%2Fmanage%2Findex],rememberMe=[false],username=[admin]}','Mozilla/5.0 (Windows NT 10.0; Win64; x64) AppleWebKit/537.36 (KHTML, like Gecko) Chrome/59.0.3071.115 Safari/537.36','127.0.0.1','com.bobo.upms.client.constant.UpmsResult@7178fe6e',''),(1640,'后台首页','',1499162586645,187,'http://upms.zhangshuzheng.cn:1111','/manage/index','http://upms.zhangshuzheng.cn:1111/manage/index','GET',NULL,'Mozilla/5.0 (Windows NT 10.0; Win64; x64) AppleWebKit/537.36 (KHTML, like Gecko) Chrome/59.0.3071.115 Safari/537.36','127.0.0.1','manage/index',''),(1641,'后台首页','',1499162794825,91068,'http://upms.zhangshuzheng.cn:1111','/manage/index','http://upms.zhangshuzheng.cn:1111/manage/index','GET',NULL,'Mozilla/5.0 (Windows NT 10.0; Win64; x64) AppleWebKit/537.36 (KHTML, like Gecko) Chrome/59.0.3071.115 Safari/537.36','127.0.0.1','manage/index',''),(1642,'后台首页','',1499162900725,24466,'http://upms.zhangshuzheng.cn:1111','/manage/index','http://upms.zhangshuzheng.cn:1111/manage/index','GET',NULL,'Mozilla/5.0 (Windows NT 10.0; Win64; x64) AppleWebKit/537.36 (KHTML, like Gecko) Chrome/59.0.3071.115 Safari/537.36','127.0.0.1','manage/index',''),(1643,'后台首页','',1499162940059,33098,'http://upms.zhangshuzheng.cn:1111','/manage/index','http://upms.zhangshuzheng.cn:1111/manage/index','GET',NULL,'Mozilla/5.0 (Windows NT 10.0; Win64; x64) AppleWebKit/537.36 (KHTML, like Gecko) Chrome/59.0.3071.115 Safari/537.36','127.0.0.1','manage/index',''),(1644,NULL,'',1499176587414,16,'http://upms.zhangshuzheng.cn:1111','/index.html','http://upms.zhangshuzheng.cn:1111/index.html','GET',NULL,'Mozilla/5.0 (Windows NT 10.0; Win64; x64) AppleWebKit/537.36 (KHTML, like Gecko) Chrome/59.0.3071.115 Safari/537.36','127.0.0.1','redirect:/manage/index',''),(1645,'登录','',1499176587658,15,'http://upms.zhangshuzheng.cn:1111','/sso/login','http://upms.zhangshuzheng.cn:1111/sso/login','GET','ReturnURL=http%253A%252F%252Fupms.zhangshuzheng.cn%253A1111%252Fmanage%252Findex','Mozilla/5.0 (Windows NT 10.0; Win64; x64) AppleWebKit/537.36 (KHTML, like Gecko) Chrome/59.0.3071.115 Safari/537.36','127.0.0.1','sso/login',''),(1646,'登录','',1499176589900,3744,'http://upms.zhangshuzheng.cn:1111','/sso/login','http://upms.zhangshuzheng.cn:1111/sso/login','POST','{password=[123456],ReturnURL=[http%3A%2F%2Fupms.zhangshuzheng.cn%3A1111%2Fmanage%2Findex],rememberMe=[false],username=[admin]}','Mozilla/5.0 (Windows NT 10.0; Win64; x64) AppleWebKit/537.36 (KHTML, like Gecko) Chrome/59.0.3071.115 Safari/537.36','127.0.0.1','com.bobo.upms.client.constant.UpmsResult@3fe7a5fd',''),(1647,'后台首页','',1499176593880,311,'http://upms.zhangshuzheng.cn:1111','/manage/index','http://upms.zhangshuzheng.cn:1111/manage/index','GET',NULL,'Mozilla/5.0 (Windows NT 10.0; Win64; x64) AppleWebKit/537.36 (KHTML, like Gecko) Chrome/59.0.3071.115 Safari/537.36','127.0.0.1','manage/index',''),(1648,'系统首页','',1499176630650,20,'http://upms.zhangshuzheng.cn:1111','/manage/system/index','http://upms.zhangshuzheng.cn:1111/manage/system/index','GET',NULL,'Mozilla/5.0 (Windows NT 10.0; Win64; x64) AppleWebKit/537.36 (KHTML, like Gecko) Chrome/59.0.3071.115 Safari/537.36','127.0.0.1','manage/system/index','upms:system:read'),(1649,'系统列表','',1499176631550,51,'http://upms.zhangshuzheng.cn:1111','/manage/system/list','http://upms.zhangshuzheng.cn:1111/manage/system/list','GET','order=asc&offset=0&limit=10','Mozilla/5.0 (Windows NT 10.0; Win64; x64) AppleWebKit/537.36 (KHTML, like Gecko) Chrome/59.0.3071.115 Safari/537.36','127.0.0.1','{total=2, rows=[com.bobo.upms.rpc.pojo.UpmsSystem@1edf9ccc, com.bobo.upms.rpc.pojo.UpmsSystem@79ab91f4]}','upms:system:read');

/*Table structure for table `upms_organization` */

DROP TABLE IF EXISTS `upms_organization`;

CREATE TABLE `upms_organization` (
  `organization_id` int(10) unsigned NOT NULL AUTO_INCREMENT COMMENT '编号',
  `pid` int(10) DEFAULT NULL COMMENT '所属上级',
  `name` varchar(20) DEFAULT NULL COMMENT '组织名称',
  `description` varchar(1000) DEFAULT NULL COMMENT '组织描述',
  `ctime` bigint(20) DEFAULT NULL COMMENT '创建时间',
  PRIMARY KEY (`organization_id`)
) ENGINE=InnoDB AUTO_INCREMENT=8 DEFAULT CHARSET=utf8mb4 COMMENT='组织';

/*Data for the table `upms_organization` */

insert  into `upms_organization`(`organization_id`,`pid`,`name`,`description`,`ctime`) values (1,NULL,'总部','北京总部',1),(4,NULL,'河北分部','河北石家庄',1488122466236),(5,NULL,'河南分部','河南郑州',1488122480265),(6,NULL,'湖北分部','湖北武汉',1488122493265),(7,NULL,'湖南分部','湖南长沙',1488122502752);

/*Table structure for table `upms_permission` */

DROP TABLE IF EXISTS `upms_permission`;

CREATE TABLE `upms_permission` (
  `permission_id` int(10) unsigned NOT NULL AUTO_INCREMENT COMMENT '编号',
  `system_id` int(10) unsigned NOT NULL COMMENT '所属系统',
  `pid` int(10) DEFAULT NULL COMMENT '所属上级',
  `name` varchar(20) DEFAULT NULL COMMENT '名称',
  `type` tinyint(4) DEFAULT NULL COMMENT '类型(1:目录,2:菜单,3:按钮)',
  `permission_value` varchar(50) DEFAULT NULL COMMENT '权限值',
  `uri` varchar(100) DEFAULT NULL COMMENT '路径',
  `icon` varchar(50) DEFAULT NULL COMMENT '图标',
  `status` tinyint(4) DEFAULT NULL COMMENT '状态(0:禁止,1:正常)',
  `ctime` bigint(20) DEFAULT NULL COMMENT '创建时间',
  `orders` bigint(20) DEFAULT NULL COMMENT '排序',
  PRIMARY KEY (`permission_id`)
) ENGINE=InnoDB AUTO_INCREMENT=86 DEFAULT CHARSET=utf8mb4 COMMENT='权限';

/*Data for the table `upms_permission` */

insert  into `upms_permission`(`permission_id`,`system_id`,`pid`,`name`,`type`,`permission_value`,`uri`,`icon`,`status`,`ctime`,`orders`) values (1,1,0,'系统组织管理',1,'','','zmdi zmdi-accounts-list',1,1,1),(2,1,1,'系统管理',2,'upms:system:read','/manage/system/index','',1,2,2),(3,1,1,'组织管理',2,'upms:organization:read','/manage/organization/index','',1,3,3),(4,1,0,'角色用户管理',1,'','','zmdi zmdi-accounts',1,4,4),(5,1,4,'角色管理',2,'upms:role:read','/manage/role/index','',1,6,6),(6,1,4,'用户管理',2,'upms:user:read','/manage/user/index','',1,5,5),(7,1,0,'权限资源管理',1,'','','zmdi zmdi-lock-outline',1,7,7),(12,1,0,'其他数据管理',1,'','','zmdi zmdi-more',1,12,12),(15,1,12,'日志记录',2,'upms:log:read','/manage/log/index','',1,15,15),(17,2,0,'标签类目管理',1,NULL,NULL,'zmdi zmdi-menu',1,17,17),(18,2,17,'标签管理',2,'cms:tag:read','/manage/tag/index',NULL,1,18,18),(19,2,17,'类目管理',2,'cms:category:read','/manage/category/index',NULL,1,19,19),(20,2,0,'文章评论管理',1,NULL,NULL,'zmdi zmdi-collection-text',1,20,20),(21,2,20,'文章管理',2,'cms:article:read','/manage/article/index',NULL,1,21,21),(22,2,20,'回收管理',2,'cms:article:read','/manage/article/recycle',NULL,1,22,22),(24,1,2,'新增系统',3,'upms:system:create','/manage/system/create','zmdi zmdi-plus',1,24,24),(25,1,2,'编辑系统',3,'upms:system:update','/manage/system/update','zmdi zmdi-edit',1,25,25),(26,1,2,'删除系统',3,'upms:system:delete','/manage/system/delete','zmdi zmdi-close',1,26,26),(27,1,3,'新增组织',3,'upms:organization:create','/manage/organization/create','zmdi zmdi-plus',1,27,27),(28,1,3,'编辑组织',3,'upms:organization:update','/manage/organization/update','zmdi zmdi-edit',1,28,28),(29,1,3,'删除组织',3,'upms:organization:delete','/manage/organization/delete','zmdi zmdi-close',1,29,29),(30,1,6,'新增用户',3,'upms:user:create','/manage/user/create','zmdi zmdi-plus',1,30,30),(31,1,6,'编辑用户',3,'upms:user:update','/manage/user/update','zmdi zmdi-edit',1,31,31),(32,1,6,'删除用户',3,'upms:user:delete','/manage/user/delete','zmdi zmdi-close',1,32,32),(33,1,5,'新增角色',3,'upms:role:create','/manage/role/create','zmdi zmdi-plus',1,33,33),(34,1,5,'编辑角色',3,'upms:role:update','/manage/role/update','zmdi zmdi-edit',1,34,34),(35,1,5,'删除角色',3,'upms:role:delete','/manage/role/delete','zmdi zmdi-close',1,35,35),(36,1,39,'新增权限',3,'upms:permission:create','/manage/permission/create','zmdi zmdi-plus',1,36,36),(37,1,39,'编辑权限',3,'upms:permission:update','/manage/permission/update','zmdi zmdi-edit',1,37,37),(38,1,39,'删除权限',3,'upms:permission:delete','/manage/permission/delete','zmdi zmdi-close',1,38,38),(39,1,7,'权限管理',2,'upms:permission:read','/manage/permission/index',NULL,1,39,39),(46,1,5,'角色权限',3,'upms:role:permission','/manage/role/permission','zmdi zmdi-key',1,1488091928257,1488091928257),(48,1,6,'用户组织',3,'upms:user:organization','/manage/user/organization','zmdi zmdi-accounts-list',1,1488120011165,1488120011165),(50,1,6,'用户角色',3,'upms:user:role','/manage/user/role','zmdi zmdi-accounts',1,1488120554175,1488120554175),(51,1,6,'用户权限',3,'upms:user:permission','/manage/user/permission','zmdi zmdi-key',1,1488092013302,1488092013302),(53,1,14,'强制退出',3,'upms:session:forceout','/manage/session/forceout','zmdi zmdi-run',1,1488379514715,1488379514715),(54,2,18,'新增标签',3,'cms:tag:create','/manage/tag/create','zmdi zmdi-plus',1,1489417315159,1489417315159),(55,2,18,'编辑标签',3,'cms:tag:update','zmdi zmdi-edit','zmdi zmdi-widgets',1,1489417344931,1489417344931),(56,2,18,'删除标签',3,'cms:tag:delete','/manage/tag/delete','zmdi zmdi-close',1,1489417372114,1489417372114),(57,1,15,'删除权限',3,'upms:log:delete','/manage/log/delete','zmdi zmdi-close',1,1489503867909,1489503867909),(58,2,19,'编辑类目',3,'cms:category:update','/manage/category/update','zmdi zmdi-edit',1,1489586600462,1489586600462),(59,2,19,'删除类目',3,'cms:category:delete','/manage/category/delete','zmdi zmdi-close',1,1489586633059,1489586633059),(60,2,19,'新增类目',3,'cms:category:create','/manage/category/create','zmdi zmdi-plus',1,1489590342089,1489590342089),(61,2,0,'其他数据管理',1,'','','zmdi zmdi-more',1,1489835455359,1489835455359),(62,2,20,'评论管理',2,'cms:comment:read','/manage/comment/index','',1,1489591408224,1489591408224),(63,2,62,'删除评论',3,'cms:comment:delete','/manage/comment/delete','zmdi zmdi-close',1,1489591449614,1489591449614),(64,2,79,'单页管理',2,'cms:page:read','/manage/page/index','',1,1489591332779,1489591332779),(65,2,64,'新增单页',3,'cms:page:create','/manage/page/create','zmdi zmdi-plus',1,1489591614473,1489591614473),(66,2,64,'编辑单页',3,'cms:page:update','/manage/page/update','zmdi zmdi-edit',1,1489591653000,1489591653000),(67,2,64,'删除单页',3,'cms:page:delete','/manage/page/delete','zmdi zmdi-close',1,1489591683552,1489591683552),(68,2,61,'菜单管理',2,'cms:menu:read','/manage/menu/index','zmdi zmdi-widgets',1,1489591746846,1489591746846),(69,2,68,'新增菜单',3,'cms:menu:create','/manage/menu/create','zmdi zmdi-plus',1,1489591791747,1489591791747),(70,2,68,'编辑菜单',3,'cms:menu:update','/manage/menu/update','zmdi zmdi-edit',1,1489591831878,1489591831878),(71,2,68,'删除菜单',3,'cms:menu:delete','/manage/menu/delete','zmdi zmdi-close',1,1489591865454,1489591865454),(72,2,61,'系统设置',2,'cms:setting:read','/manage/setting/index','zmdi zmdi-widgets',1,1489591981165,1489591981165),(73,2,72,'新增设置',3,'cms:setting:create','/manage/setting/create','zmdi zmdi-plus',1,1489592024762,1489592024762),(74,2,72,'编辑设置',3,'cms:setting:update','/manage/setting/update','zmdi zmdi-edit',1,1489592052582,1489592052582),(75,2,72,'删除设置',3,'cms:setting:delete','/manage/setting/delete','zmdi zmdi-close',1,1489592081426,1489592081426),(76,2,21,'新增文章',3,'cms:article:create','/manage/article/create','zmdi zmdi-plus',1,1489820150404,1489820150404),(77,2,21,'编辑文章',3,'cms:article:update','/manage/article/update','zmdi zmdi-edit',1,1489820178269,1489820178269),(78,2,21,'删除文章',3,'cms:article:delete','/manage/article/delete','zmdi zmdi-close',1,1489820207607,1489820207607),(79,2,0,'单页专题管理',1,'','','zmdi zmdi-view-web',1,1489835320327,1489835320327),(80,2,79,'专题管理',2,'cms:topic:read','/manage/topic/index','zmdi zmdi-widgets',1,1489591507566,1489591507566),(81,2,80,'新增专题',3,'cms:topic:create','/manage/topic/create','zmdi zmdi-plus',1,1489843327028,1489843327028),(82,2,80,'编辑专题',3,'cms:topic:update','/manage/topic/update','zmdi zmdi-edit',1,1489843351513,1489843351513),(83,2,80,'删除专题',3,'cms:topic:delete','/manage/topic/delete','zmdi zmdi-close',1,1489843379953,1489843379953),(84,2,68,'上移菜单',3,'cms:menu:up','/manage/menu/up','zmdi zmdi-long-arrow-up',1,1489846486548,1489846486548),(85,2,68,'下移菜单',3,'cms:menu:down','/manage/menu/down','zmdi zmdi-long-arrow-down',1,1489846578051,1489846578051);

/*Table structure for table `upms_role` */

DROP TABLE IF EXISTS `upms_role`;

CREATE TABLE `upms_role` (
  `role_id` int(10) unsigned NOT NULL AUTO_INCREMENT COMMENT '编号',
  `name` varchar(20) DEFAULT NULL COMMENT '角色名称',
  `title` varchar(20) DEFAULT NULL COMMENT '角色标题',
  `description` varchar(1000) DEFAULT NULL COMMENT '角色描述',
  `ctime` bigint(20) NOT NULL COMMENT '创建时间',
  `orders` bigint(20) NOT NULL COMMENT '排序',
  PRIMARY KEY (`role_id`)
) ENGINE=InnoDB AUTO_INCREMENT=3 DEFAULT CHARSET=utf8mb4 COMMENT='角色';

/*Data for the table `upms_role` */

insert  into `upms_role`(`role_id`,`name`,`title`,`description`,`ctime`,`orders`) values (1,'super','超级管理员','拥有所有权限',1,1),(2,'admin','管理员','拥有除权限管理系统外的所有权限',1487471013117,1487471013117);

/*Table structure for table `upms_role_permission` */

DROP TABLE IF EXISTS `upms_role_permission`;

CREATE TABLE `upms_role_permission` (
  `role_permission_id` int(10) unsigned NOT NULL AUTO_INCREMENT COMMENT '编号',
  `role_id` int(10) unsigned NOT NULL COMMENT '角色编号',
  `permission_id` int(10) unsigned NOT NULL COMMENT '权限编号',
  PRIMARY KEY (`role_permission_id`),
  KEY `FK_Reference_23` (`role_id`),
  CONSTRAINT `FK_Reference_23` FOREIGN KEY (`role_id`) REFERENCES `upms_role` (`role_id`)
) ENGINE=InnoDB AUTO_INCREMENT=171 DEFAULT CHARSET=utf8mb4 COMMENT='角色权限关联表';

/*Data for the table `upms_role_permission` */

insert  into `upms_role_permission`(`role_permission_id`,`role_id`,`permission_id`) values (1,1,1),(3,1,3),(4,1,4),(5,1,5),(6,1,6),(7,1,7),(8,1,39),(12,1,12),(14,1,14),(15,1,15),(27,1,27),(28,1,28),(29,1,29),(30,1,30),(31,1,31),(32,1,32),(33,1,33),(34,1,34),(35,1,35),(36,1,36),(37,1,37),(38,1,38),(39,1,46),(40,1,51),(44,1,48),(45,1,50),(47,1,53),(55,1,57),(126,1,17),(127,1,18),(128,1,54),(129,1,55),(130,1,56),(131,1,19),(132,1,58),(133,1,59),(134,1,60),(135,1,20),(136,1,21),(137,1,76),(138,1,77),(139,1,78),(140,1,22),(141,1,62),(142,1,63),(143,1,79),(144,1,64),(145,1,65),(146,1,66),(147,1,67),(148,1,80),(149,1,81),(150,1,82),(151,1,83),(152,1,61),(153,1,68),(154,1,69),(155,1,70),(156,1,71),(157,1,84),(158,1,85),(159,1,72),(160,1,73),(161,1,74),(162,1,75),(163,1,2),(166,1,26),(169,1,25),(170,1,24);

/*Table structure for table `upms_system` */

DROP TABLE IF EXISTS `upms_system`;

CREATE TABLE `upms_system` (
  `system_id` int(10) unsigned NOT NULL AUTO_INCREMENT COMMENT '编号',
  `icon` varchar(50) DEFAULT NULL COMMENT '图标',
  `banner` varchar(50) DEFAULT NULL COMMENT '背景',
  `theme` varchar(50) DEFAULT NULL COMMENT '主题',
  `basepath` varchar(100) DEFAULT NULL COMMENT '根目录',
  `status` tinyint(4) DEFAULT NULL COMMENT '状态(-1:黑名单,1:正常)',
  `name` varchar(20) DEFAULT NULL COMMENT '系统名称',
  `title` varchar(20) DEFAULT NULL COMMENT '系统标题',
  `description` varchar(300) DEFAULT NULL COMMENT '系统描述',
  `ctime` bigint(20) DEFAULT NULL COMMENT '创建时间',
  `orders` bigint(20) DEFAULT NULL COMMENT '排序',
  PRIMARY KEY (`system_id`)
) ENGINE=InnoDB AUTO_INCREMENT=3 DEFAULT CHARSET=utf8mb4 COMMENT='系统';

/*Data for the table `upms_system` */

insert  into `upms_system`(`system_id`,`icon`,`banner`,`theme`,`basepath`,`status`,`name`,`title`,`description`,`ctime`,`orders`) values (1,'zmdi zmdi-shield-security','/static/images/zheng-upms.png','#29A176','http://upms.test.cn:1111',1,'bobo-upms-server','权限管理系统','用户权限管理系统（RBAC细粒度用户权限、统一后台、单点登录、会话管理）',1,1),(2,'zmdi zmdi-wikipedia','/static/images/zheng-cms.png','#455EC5','http://cms.test.cn:2222',1,'bobo-cms-admin','内容管理系统','内容管理系统（门户、博客、论坛、问答等）',2,2);

/*Table structure for table `upms_user` */

DROP TABLE IF EXISTS `upms_user`;

CREATE TABLE `upms_user` (
  `user_id` int(10) unsigned NOT NULL AUTO_INCREMENT COMMENT '编号',
  `username` varchar(20) NOT NULL COMMENT '帐号',
  `password` varchar(32) NOT NULL COMMENT '密码MD5(密码+盐)',
  `salt` varchar(32) DEFAULT NULL COMMENT '盐',
  `realname` varchar(20) DEFAULT NULL COMMENT '姓名',
  `avatar` varchar(50) DEFAULT NULL COMMENT '头像',
  `phone` varchar(20) DEFAULT NULL COMMENT '电话',
  `email` varchar(50) DEFAULT NULL COMMENT '邮箱',
  `sex` tinyint(4) DEFAULT NULL COMMENT '性别',
  `locked` tinyint(4) DEFAULT NULL COMMENT '状态(0:正常,1:锁定)',
  `ctime` bigint(20) DEFAULT NULL COMMENT '创建时间',
  PRIMARY KEY (`user_id`)
) ENGINE=InnoDB AUTO_INCREMENT=2 DEFAULT CHARSET=utf8mb4 COMMENT='用户';

/*Data for the table `upms_user` */

insert  into `upms_user`(`user_id`,`username`,`password`,`salt`,`realname`,`avatar`,`phone`,`email`,`sex`,`locked`,`ctime`) values (1,'admin','3038D9CB63B3152A79B8153FB06C02F7','66f1b370c660445a8657bf8bf1794486','博博','/static/images/avatar.jpg','','469741414@qq.com',1,0,1);

/*Table structure for table `upms_user_organization` */

DROP TABLE IF EXISTS `upms_user_organization`;

CREATE TABLE `upms_user_organization` (
  `user_organization_id` int(10) unsigned NOT NULL AUTO_INCREMENT COMMENT '编号',
  `user_id` int(10) unsigned NOT NULL COMMENT '用户编号',
  `organization_id` int(10) unsigned NOT NULL COMMENT '组织编号',
  PRIMARY KEY (`user_organization_id`)
) ENGINE=InnoDB AUTO_INCREMENT=24 DEFAULT CHARSET=utf8mb4 COMMENT='用户组织关联表';

/*Data for the table `upms_user_organization` */

insert  into `upms_user_organization`(`user_organization_id`,`user_id`,`organization_id`) values (19,1,1),(20,1,4),(21,1,5),(22,1,6),(23,1,7);

/*Table structure for table `upms_user_permission` */

DROP TABLE IF EXISTS `upms_user_permission`;

CREATE TABLE `upms_user_permission` (
  `user_permission_id` int(10) unsigned NOT NULL AUTO_INCREMENT COMMENT '编号',
  `user_id` int(10) unsigned NOT NULL COMMENT '用户编号',
  `permission_id` int(10) unsigned NOT NULL COMMENT '权限编号',
  `type` tinyint(4) NOT NULL COMMENT '权限类型(-1:减权限,1:增权限)',
  PRIMARY KEY (`user_permission_id`)
) ENGINE=InnoDB DEFAULT CHARSET=utf8mb4 COMMENT='用户权限关联表';

/*Data for the table `upms_user_permission` */

/*Table structure for table `upms_user_role` */

DROP TABLE IF EXISTS `upms_user_role`;

CREATE TABLE `upms_user_role` (
  `user_role_id` int(10) unsigned NOT NULL AUTO_INCREMENT COMMENT '编号',
  `user_id` int(10) unsigned NOT NULL COMMENT '用户编号',
  `role_id` int(10) DEFAULT NULL COMMENT '角色编号',
  PRIMARY KEY (`user_role_id`)
) ENGINE=InnoDB AUTO_INCREMENT=8 DEFAULT CHARSET=utf8mb4 COMMENT='用户角色关联表';

/*Data for the table `upms_user_role` */

insert  into `upms_user_role`(`user_role_id`,`user_id`,`role_id`) values (7,1,1);

/*!40101 SET SQL_MODE=@OLD_SQL_MODE */;
/*!40014 SET FOREIGN_KEY_CHECKS=@OLD_FOREIGN_KEY_CHECKS */;
/*!40014 SET UNIQUE_CHECKS=@OLD_UNIQUE_CHECKS */;
/*!40111 SET SQL_NOTES=@OLD_SQL_NOTES */;
